stimnum,type,Tempo,KeyDistance,ModeChange,hit_time1,hit_time2,hit_time3,hit_time4,hit_time5,hit_time6,hit_time7,hit_time8,hit_time9,hit_time10,hit_time11,hit_time12,hit_time13,hit_time14,hit_time15,hit_time16,hit_time17,hit_time18,hit_time19,hit_time20,hit_time21,hit_time22,hit_time23,hit_time24,hit_time25,hit_time26,hit_time27,hit_time28,hit_time29,hit_time30,hit_time31,hit_time32,hit_time33,hit_time34,hit_time35,hit_time36,hit_time37,hit_time38,hit_time39,hit_time40,hit_time41,hit_time42,hit_time43,hit_time44,hit_time45,hit_time46,hit_time47,hit_time48,hit_time49,hit_time50,hit_time51,hit_time52,hit_time53,hit_time54,hit_time55,hit_time56,hit_time57,hit_time58,hit_time59,hit_time60,hit_time61,hit_time62,hit_time63,hit_time64,hit_time65,hit_time66,hit_time67,hit_time68,hit_time69,hit_time70,hit_time71,hit_time72,hit_time73,hit_time74,hit_time75,hit_time76,hit_time77,hit_time78,hit_time79,hit_time80,hit_time81,hit_time82,hit_time83,hit_time84,hit_time85,hit_time86,hit_time87,hit_time88,hit_time89,hit_time90,hit_time91,hit_time92,hit_time93,hit_time94,hit_time95,hit_time96,hit_time97,hit_time98,hit_time99,hit_time100,hit_time101,hit_time102,hit_time103,hit_time104,hit_time105,hit_time106,hit_time107,hit_time108,hit_time109,hit_time110,hit_time111,hit_time112,hit_time113,hit_time114,hit_time115,hit_time116,hit_time117,hit_time118,hit_time119,hit_time120,hit_time121,hit_time122,hit_time123,hit_time124,hit_time125,hit_time126,hit_time127,hit_time128,hit_time129,hit_time130,hit_time131,hit_time132,hit_time133,hit_time134,hit_time135,hit_time136,hit_time137,hit_time138,hit_time139,hit_time140,hit_time141,hit_time142,hit_time143,hit_time144,hit_time145,hit_time146,hit_time147,hit_time148,hit_time149,hit_time150,hit_time151,hit_time152,hit_time153,hit_time154,hit_time155,hit_time156,hit_time157,hit_time158,hit_time159,hit_time160,hit_time161,hit_time162,hit_time163,hit_time164,hit_time165,hit_time166,hit_time167,hit_time168,hit_time169,hit_time170,hit_time171,hit_time172,hit_time173,hit_time174,hit_time175,hit_time176,hit_time177,hit_time178,hit_time179,hit_time180,rtmeanstim
3,1,140,0.86057,0,-0.5395957,0.044573264062441,0,2.76641066033917,0,0,0,4.06027000217776,0,0,0,0,0,0,-1.24400470600657,0,0,0,0,0,0,0,0,-0.923602481607368,0,2.93653358694329,0,0,1.95452791544671,0,0,0,0,0,0,0,-1.25353293947964,-0.424363685158353,0,0,0,0,0,0,0,0,0,0,0,0,0,0,0,0,0,0,0,0,0,-0.310887852886333,0,0,0,0,1.95640532809694,0,0,0,0,0,0,0,0.666448716218991,0,0,0,0,0,0,0,0,0,0,0,0,0,0,0,0,0,2.89567184401451,0,-0.923324176543261,0,0,0,0,0,0,0.514594480435516,0,0,0,0,0,0,0,0,0,0,0.722447162066443,0,-1.41088684425099,0,0,0,0,-0.793454804225579,0,0,0,0,0,0.474590794897479,0,0,0,0,0,0,0,0,0,0,0,0,0,0,0,0,0,0,0,0,0,0,0,0,0,3.8157742,0,0,0,0,0,0,0,0,0,0,-0.339743860786317,0,0,0,0,0,0,0,0,0,2.151307,0,0,0,0,0,0,0.276421647575038,-1.44356128214792,0,1.00943906409097
6,1,86,0.86044,0,1.6838585,0,0,0,2.35462193883035,0,0,3.44434879589145,0,0,2.39924430848287,1.58846765665003,0,0,3.69336568926718,0,2.73046439342445,1.38531539574196,2.52041445062824,0,0,0,2.9140638404897,0,1.11244485930323,0,0,0,0,1.79408322725593,0,0,0,0,0,2.68250274605616,0,0.378415496882205,0,2.39247265309355,2.26239478683863,0,1.55249235768876,0,0,2.88052836812868,2.37248217079956,0,2.28246268301035,0,2.11252400015105,2.49404084517783,0,0,0,0,3.09040581206408,0,3.6884543300112,0,0,2.34083696538455,0,2.98189222740635,0,1.85048292104908,3.70816242280612,1.84604399947499,1.33147232799449,0,0,0,0,2.15154710384565,0,1.84048061528376,0,0,0,2.56240930532,0,0,2.77238231133995,0,0,0,2.5723842631971,3.39243892316469,3.53854555213453,0,1.36601398965459,0,0,2.05255792588783,0,3.71047244111809,0,0,0,2.82055955225783,0,0,0,0,0,0,1.77828050483068,0,3.44060228153708,0,0,2.59256013943506,2.54243707214632,0,0,0,0,0,0,0,0,0,0,0,2.70044303365868,2.21252407813819,2.46240469980814,2.29044511773945,0,0,0,0,0,0,0,0,2.9027198,1.3153388,2.7942277,1.3198003,2.3109448,0,1.2008802,0,2.3917923,0,3.5224587527836,0,0,1.634869,3.0055401,0,3.57398916536024,0,1.2733784,0,0,0,0,0,0,0,0,0,0,1.967434,0,0,3.3497632,0,0,0,0,-0.7924024,0,0,2.78162584123176,0,0,3.45234547659656,2.38583874115838
7,1,90,0.64835,1,1.7729288,-0.654525824754071,3.13555114977463,2.99550416488242,3.47957898886205,0,4.60349061679792,0.573266221534272,0,0,0,6.96995406616737,-0.604422458018753,8.34571981486804,0.260255557861225,0,0,0,0,0,0,0,3.45558510574333,1.81246983542596,0,1.93548096825427,0,0,6.55549552896767,0,6.25348453776065,-0.699504712972463,0,0,7.97358146999527,-0.134592225691353,0.121480424757788,0,0,3.75549366830574,0,5.2835307145413,0,0,0,3.67553084066099,3.63754010708519,0,5.81347713392614,0,0,0,0,0,0,1.10154147388057,0,0,0,3.81549027525519,4.78547413987163,0,5.91724025270771,0,0,0,0,0,0,0.343519468330282,0,-0.0652158259296591,0,0,0,0,0,0,0,0,0,4.7735961156463,0,0,0,0,-0.188034797299281,5.4435083246931,0,0,0,2.83555141576672,0,0,1.135508781229,0,0,4.32797406104655,3.56550571938078,7.52338918828911,0.655529139511831,-0.195459795671585,0,0,0,0,0,2.08454972323228,0,0,0,0,0.985425222762547,5.09735973994597,0.213531321194115,4.56550035745999,0,0.173653084898032,0,-0.0444506686884871,0.575500603103581,0,6.18549472609032,0,0,0,0,0.675472345124629,3.60344721158189,0,0.544719956092589,4.85707222084941,0.405698300000001,0,0,0,6.292539,5.6482165,3.8596563,0,0,0,0,0,8.1151674,0,5.52550700071638,0,1.30553822255495,6.3747222,0,0,0,6.6340786,3.0343842,0,7.4913634,0,0,0,0,0,-0.5769606,0,0,0,0,0,0,5.9792438,0,0,0,0,5.4963806,4.3439887,0,0,0,-0.0446048084213366,3.26716341153411
8,1,132,0.64831,1,0,0,2.06745295129965,0,0,1.69747959559282,0,0,0,0,0,0.0519554473273089,-3.22049400477418,0,0,0,-0.652561578525553,-2.9112784400192,2.33744611123926,0,0,0,1.87105637590979,-3.57350162652924,-0.642522637015833,0,0,0,3.51433349758282,-1.82053616408464,0,0,0,-0.382533405166576,0,-1.14053278769063,0,0,3.12112034412948,0,0,0,0,0,1.12748426319674,2.38950259571897,0,0,0,0,0.80870029773569,0,0,0,0,0,0,0,0,0.759487422907796,0,0,0,0,0,0.995500686325695,0,2.051038755262,0,-0.802459765841824,0,2.10872409166051,0,0,0,0,-1.58453544842878,0,0,0,0,0,0,0,0,0,1.41548214966593,0,0,0,0,-2.41050862306641,0,2.74753285572496,0,0,0,0,0,0,0,0,0,0,0.0636642000000016,0,0,0.330701105531027,-0.342446977172937,0,0,0,0,0,0,0,0,0,0,3.53990910104129,0,-3.35150404462877,0,0,0,0.948480001671815,0,0.296044680423591,0,-2.5305449794653,-3.75255211951497,0,0,0,-1.5525554,-1.4134689,0,0,0,0,0,0,2.4279262,0,0,0.467497606301269,0,0,0,0,0,0,1.79744373921192,3.403672,0,0,0,0,2.4364175,0,0,-2.55054097086467,0,1.9282087,0,3.2096374,0,0,2.333865,0,0,0,2.98940406401647,-0.2834203,0,0,0,3.06309002664664,0,1.90303784791322,1.18045679635366
10,1,134,0.8608,0,4.1449654,0,0,-0.704103189361366,2.94044706869902,0,0,0,0,4.5557187,0,2.43756627814177,0,0,0,0,0,0,-0.93533293453433,2.70647411787394,0,0,-1.19353954834159,0,0.678695699612256,0,0,0,0,0,0,0,0,0,0,2.40248332641625,0,0,0,3.62645372033783,0,0,0,0,0,0,0,0,0,0,0,0,0,0,0,0,0,0,0,0,0,3.82799793515689,0,0,0,0,3.88640111631399,0,0,0,0.98649945556094,-0.485525412021687,0,0,0,0,0,0,0,3.92668208412067,0,0,0,0,0,0,0,0,0,0,0,0,0,0.804730711733615,0,0,0,3.71655712985755,0,3.5746022074038,0,0,0,0,0,0,0,0,0,2.97445309560088,0,0,2.95645192787128,0,0,0,0,0,0,4.72661834491993,0,0,-1.04361627348512,0,0,2.19240520784374,3.87151305240894,0,0,0,0,0,1.5740568,0,0,0,3.1842782,0,0,4.6172088,0,0,0,4.6075542,0,0,0,4.75811331958243,0,4.2897328,0,0,0,0,0,0,0,3.4733992,0,0,0,0,0,0,0,0,0,0,0,0,0,0,0.396459601077598,0,0,0,2.42438761554334,0,0,0,2.65479138576696
12,1,132,0.64843,1,0,0,0,-1.73447649187848,0,-1.39455050323587,0,-1.3067749651889,0,0,-2.02480985845266,0,0,-0.635723316888892,2.39042232852736,1.12635545300663,-0.636521938671882,0,0,0,-1.63652513007925,0,-1.28638045453279,-1.81748538506746,-0.654559510890289,1.77548976736615,-1.3345629881162,-1.51651276714547,-1.28971794770267,0.315422905680078,0,0,-1.37644642687594,-1.36631925124252,0,0,-0.79647718452048,0,0,0,0,0,0,0,-1.49453216670999,-1.2294595683774,-0.984549286025398,0,-0.734526252228168,0,0,0,2.0055710062187,-1.51638781026558,0,2.51551047460943,-0.851446627911752,0,0,0,-0.494572986532276,0,0,0,0,0,-1.13462217200211,0,1.26553587274771,0,-1.05453359940577,-0.784525849771246,0,0,0,-1.24648361683789,0,0,-0.936622030974,0,-1.40654425143498,0,3.17341955170485,0,-0.654537495215484,0,-1.26853393792566,0,0,0,-1.63100554042822,0,0,0.175674825508803,0,-0.334497728754229,0,0,-1.59453460958627,0.795572424645663,-1.27453928774645,-0.414417490377645,0,-1.33631038661358,1.4998992,0,2.32538636030339,0,0,-1.08858851833222,3.8853690435512,-1.08662910684864,0,-1.34530686243922,-0.672904916376361,-1.10452703680701,0.00466076028447304,0,-0.535425017634887,0,0.694692649615517,0,0.585507858620357,0,0,-1.33452339254826,-1.16765074003331,0.351398605634071,-1.29452669044365,0,-0.366394227363818,-0.580953375485505,0,0,0,0,0,0,0,0,-0.417562700000001,1.6434394,-1.7853932,0,0,-1.61735013480824,0,0,-2.56854456444509,0,0,0,0,0,0,0,0,0,0,0,-1.66455345093835,0,0,0,0,0,0,0,0,0,0,0,0.289050298656521,3.3911505,0,0,0,0.123555135968276,0,-1.19456868806708,0.404441125635322
13,1,116,0.86058,0,1.166492,-0.234500375941243,0.917489028728053,-0.232495453825532,0,0,0,0,0,0,0,0,0,0,0,0,0.205435334464015,1.07544200824761,0.375203612742599,0.967540118303626,0,0,0,0,0,0,0.285372550299204,-0.214607660543916,0,1.2074638799106,0,-0.202582331284384,1.32552719023197,0.615734726335591,0,-0.562443359383591,0.217460285278735,-0.221080889642348,0,-0.992530015970388,-0.494532182267067,0,-0.462512203134061,0,0.177932339096792,0.48741400397717,0,0,0.987504624982311,0,0.557522064374115,0.349017821003914,1.87751473651716,1.10748982306954,0,2.18553027847723,1.61907158318326,0,0.482533465710112,0,0.616639422516405,0,0.467479166498631,0,1.88541075268975,1.4654640470925,0,0,2.22746676330989,0.366634106405805,0,0,0,0,0,-0.502592975036176,0,2.90762902797678,0,-0.453420315901623,0,1.8354472352192,0,2.10106836566495,1.71764043749184,0,0,2.43755444083844,0,0,0,0.767449185501517,0,-0.452265445881711,1.0377458081197,2.11911809304812,1.09098910828581,0,0,0,0,0,0,0,0,-0.292513398333613,0,0,0.885542495902,0,0,0,0,0,0,0,-0.872546875263513,1.87106689157927,0,0,0,0,-0.342541298543983,0,2.60539786504998,0,1.16930253475201,0,0.167485774873441,0,0,1.10743703388134,0,0,0,0,0,-0.5949522,0,0.8555019,0,0,2.8311585,0,0,0,0,0,0,1.6315678,0,0,0,0,0,0,0,1.9426748,0,0,0,0,0,1.2054124,0,0,0,0,1.7079259,0,0,0,0.241087870864234,0,0,0,0.625462407994288,0,0,-0.372536160683515,0.896738083738649
16,1,86,0.86072,0,0.611909099999998,0.861408394509915,-1.09655880125151,-1.41652302417392,0,0,-0.677320970146875,-1.78771300472434,0,0,-1.66573807582432,0,-1.74656495759805,0,0,0,0,0,0,0,0,0,-0.0673587749876461,0,0,-0.496547188903733,0,0,2.25809054032948,-1.47854824224364,0,-2.13666617856575,-1.50848899078096,0,0,-0.276544461179054,0,0,0,0.0834898993528235,0,0,-2.10654201713022,0,-0.356442846002714,0.0807173745989083,-1.15654840611421,0.231388190548536,0,0,-1.80668659624789,0,1.47643709474119,-1.35838650152814,-1.28494094834318,-1.92864480918393,0,0,0,2.33250573879097,0,-0.290503801188457,0,-1.6965282065496,0,1.29518242184979,0,0,0,2.64150346867051,-0.126527513420331,0,0,-1.42652788951835,0,0,-0.304915174250468,0,0.723433880900931,0,0,0,0,-0.594940207540198,-0.536518621120511,0,0,0,0,0,-1.86295831187053,0,0,0,0,0,0,0,0,0,0,0.361667433280765,0.481617638530143,0,-1.2549819,0,0,-0.0474600657437918,0,-2.11062914089871,0,0,-1.13659856399547,-1.97649712841424,0,0,0,3.30272290581608,-2.06855802061045,0,0,0,-1.91390407973667,0,0,-0.646486979290785,-1.16548092342425,-1.6165249124855,-0.978530644148927,-1.7565457933742,-0.876482583321785,-0.586560187096392,0,0,0,0,0,0,0,0,0,3.3079569,-0.948784400000001,0,0,0,1.57164133821287,0,-2.22653455263241,0,0,0,0,0,0,0,0,0,0,0,0,0,0,0,2.9583509,-0.610498900000001,0,0,0.5914024,-1.3122569,0,0,0.393483710644137,0.172405699999999,0,-0.299660299999999,0,-1.07573442960491,-0.516637027835991,-2.26856330007758,0.373004565663435
17,1,82,0.64902,1,2.2198732,0,0,0,0,0,0,0,0,0,-2.19586166431048,-0.432563941232841,0,0,0,-0.618784862591001,0,-2.21041702447852,0,-0.618522941766958,0,0,0,-0.499499574898985,-1.0105804907522,0,0,0.521485640238057,0,0,0,0,0,0,0,0,0,0,0,-1.03049896390458,-1.12572535506119,0,0,0,0,-1.28846613833276,0,0,0,0,0,0,0,0,0.963186820688538,-0.798536776621345,0,0,-2.17947637162483,0,0,0,-0.970753473594522,0,0,0,0,0,-0.369478191847799,0,0,0,0,0,0,0.765403432777763,0,0,0,-1.79538774170888,0,0,0,0,0.881402861471182,0,-1.45854585770181,0,0,0,0,0,0,0,0,0,0,0,-2.25251286420723,0,0,0,0,1.88957707337227,0.4269762,-1.2687537507635,2.44150832976483,0,0,0,0,0,-1.01692387064227,1.72962675544355,0,0.841425683151867,0,0,-0.448586564929379,0,0.721430599092669,0,2.70151584372656,0,0,0,-0.899487474506067,0.711394854279375,0,0,-1.10931653809011,0,0,0,0,0,0,0,0,0,0,0,-1.2103377,0,0,0,-0.978524103801981,0,-0.448574822791501,0,0,0,0,0,0,0,0,0,0,0,0,0,3.4872636,0,0,0,0,0,0,0,0,0,0,-1.1582487,0,0,0,0,0,0,0.507551772350167
18,1,126,0.86072,0,-1.9803401,0,0,0,0,0,3.02247195048224,2.71881860023802,0,0,0,0,2.75148224419606,0,3.73190603531778,0,0,0,0,0,0,0,0,0,0,0,0,0,0,0,0,0,3.00058628015478,0,0,3.03243271979082,2.39249759310275,0,0,0,0,0,0,0,0,0,3.25044428182382,0,0,0,2.4617484978481,0,0,3.62250914334154,0,2.56051031915845,3.60573917863826,0,0,0,0,0,0,0,0,0,2.37248723028889,0,0,0,0,2.74725983075884,0,1.62243626876594,0,2.10368219235537,-2.08593816909422,0,0,0,0,0,0,0,0,0,0,0,-0.168065661183658,0,0,0,0,2.23263683220532,0,0,0,0,0,0,0,0,0,0,0,0,0,0,0,0,0,0,0,0,0,0,2.95048750567357,0.0260787409196013,-0.253944275224487,1.6105386537067,0,0,0,0,0,0,1.75174638964852,0,0,0,0,0,0,0,0,2.010249,0,0,0,0,0,0,0,2.6217359,0,0,0,0,-2.47752922189576,-0.308778199999999,0,0,0,0,3.5909006,0,0,0,0,0,0,0,0,0,0,0,0,0,0,0,0,0,0,0,0,3.460048,0,0,0,0,2.10488496736824
19,1,72,0.86113,0,0,0,0,-0.314515495122397,0,0,-5.76452684185692,0,0,0,0,0,0,0,-2.54588673541142,0,0,0.0234467225536505,0,0,-1.332555741965,0,-5.91250929406192,0,-5.70652991969403,0.197483270688544,-0.014507614447691,-4.54250825913161,0,-3.74449047649775,0,0,-5.65442566385635,0,-2.73460295675262,-6.08250886877151,-5.98254262572876,0,0,0,-5.13454018209695,0,-1.74256012110378,0,0,0,-3.66252909206364,0,-0.576560835290504,0,0,0,0,0,0,-3.04253670329541,0,0,0,1.40736996338876,0,0,-0.864526202367081,0,-3.0366331045345,0,0,0,-4.32346338739635,0,0,0,0,0,0,0,0,0.147395792851306,-4.37267152396742,0,0,0,0,-4.68256754735354,0,0,0,0,-1.86257025463616,0,0,0,0,-5.51437536157792,0,0,0,0,0,1.54557137081265,-6.17255349820793,0,-6.02441229420532,0,0,-2.96251423424005,0,0,1.77554847218448,0,-3.63653468243272,0,-4.12448540238044,-3.97250187620047,0,0,0,-3.16100791618058,-4.55058019143934,0,0,0,0,0,0,0,0,0,0,-5.52256934540461,0,0,1.3686271,0,0,-6.1340658,-4.3017471,0,0,-6.0515033,2.1555965,0,0,-1.3385436,-5.8494611,0,0,0.627616643777007,0,0,1.4668289,1.90348221186208,0,0,0,-5.9584413,0,-5.4387033,0,0,0,0,0,-3.2569312,-0.603605999999999,0,0,0,2.0784573,-5.9910926,0,0,0,-6.0787052,0,0,0,0,0,-3.23257295563635,0.25340386634687
61,1,236,1.0965,1,0,-8.93261921842429,1.67748748156789,-5.01242931431957,-4.42263246832157,0,0,1.18181916337497,0,0,0,2.11406193464467,0,0,2.58188508266308,3.44001856769371,0,1.74183505374805,0,-10.4633373699111,0,0,0,0,1.3255263296827,0,-4.84256620708922,1.91744825187978,0,0,-9.36089128403973,0,0,-5.79245144341764,0,-5.9525519990849,1.58750545355623,0,0,0,-0.944522004664982,-9.35448604764391,-5.4425252183439,0,0,-9.14448725018038,0,0,0,0,0,-2.48245169323001,0,0,0,-5.76251867978126,0,-7.98491087998862,0,0,0,0,0,-1.63248061086144,0,0,0,0,0,0,0,0,0,0,0,-8.11446603719698,0,-1.38140348034205,0,-5.9345031526369,0,-4.62453027579982,0,0,-5.07251212444291,0,0,0,0,0,0,0,-10.3825420485362,3.64544611409054,2.12763231577809,0,0,0,-5.2665568007837,0,0,0,0,0,1.4961802,0,0,0,0.355783742686825,-3.05252127551926,0,0,0,0,0,0.577368621538959,3.58563317443662,0,0,0,0,-8.3645044963132,0,0,0,0,0,0,0,2.33543456869061,0,0,0,0,-6.2843827,3.0423489,1.0259358,0,3.11519,0,0,0,0,0,1.8059515,-1.49529621151073,0,0,-9.18247106040597,0,0,0,0,0,1.5306808,0,0,0,1.7057439,0,0,0,3.4200072,3.5092181,0,1.8742995,0,0,0,3.5105342,0,0,0,0,1.7116408,0,-0.992458537851583,0,0,0,1.03468958492916
62,1,102,0.64902,1,-0.141751000000003,0,0,0,0,0,0,-0.46762065539464,0,2.5178634,-2.75982496934999,-1.50973242677842,2.32852660685067,0,-0.0926264297482966,0.231376635099082,2.39692328009157,0,1.15658942511641,1.20764077904118,0.448481478005313,0.568468138399709,0.0484518725243319,0,2.13846647562957,-2.58158910200664,0,0.298478802692635,-1.69232908411114,0,0,-1.5024115944622,0,0,2.77639133123893,-1.99351989112566,1.9676867858591,0,2.98444634323931,0.718414417638112,2.06329737736099,0,0,0,-2.40153333257564,-2.26159174473377,1.38845358835115,0,0.0484679770844316,1.99852349345644,0,0.334424193274007,0.0384451656377927,1.81864234087791,0.274629062120312,0,1.31846748752002,2.79847294466332,0,0,-0.647711151146925,1.84648145454119,1.86895157095416,-2.83356347766024,1.29844029684944,-1.12783742586803,0,-2.96152257130685,0.658505985207281,2.56645844671314,0,0,0,0.0684878168963472,0,0.906449877492449,0.328543496624096,0,0.418372705748467,2.2784612712177,0,0.768475782366497,0.988465293384827,1.52840322514416,-0.401607301503036,0,0.878481023387867,1.49439562860122,0,-1.17152805989827,1.1664951116133,0,0,0,1.88859506950992,1.38645281198191,-0.0914557941147791,0,-2.70151844866929,1.52652786883657,0.958506159333147,2.25647061228668,-2.54315199231751,-0.233443983329138,1.1275994,0,1.28842607333712,0,0.146568317091965,3.40842463927308,-1.15176935181342,0,1.88654571691705,0,2.38007865879546,2.77652744962747,-0.193534924646883,0,0,0.0474967857931077,1.75767967830565,0,0.2264313570501,0.21656332859737,2.94645843204801,-0.0325265902569996,0.719598649865834,0,1.73842328697213,1.05632623081723,-2.362354432793,0,-3.3553826,3.6873781,0,3.858795,0,1.5308064,2.0866928,1.138907,2.5013434,1.7555709,0.0716791999999984,2.3057911,1.7664279,0.310048397516038,0.738472809210222,3.22847749468576,0,-3.4598089,-3.3528626,2.31409082736582,2.04836754770218,0,2.1415963,2.0737763,2.645704,2.5017638,1.3342935,1.6527025,2.23848995801357,1.41840063236284,2.1183547,1.6840585,0,2.0593481,0,0,-2.3938006,0.519044399999999,0.781948799999999,2.044781,0,1.6917059,2.8409705,-3.3460854,2.7164874121372,1.60837382440199,0,-2.88154349327675,1.1687059833468
63,1,43,0.64831,1,1.4299215,0,3.22009396908173,0.326472303531938,0.140547332242814,0,0.766449437543148,2.69837250043812,0,3.4833797,0.202238920532871,-2.57378094757722,0,0,1.26331876411967,2.27741022449513,-1.47391683403249,0.14068362341779,-2.54341966476363,0.308474961119067,0.0201968962826964,1.85846654724448,0.588436312761498,0,2.72027330134391,-2.15155176444191,-2.43152552630942,2.06388009695016,-2.95357409521631,2.41846781015175,0,0,0.486566389626816,0,0,-1.73157015458573,-0.137538699901524,0,2.25010814282854,0.158450112701958,2.27662999210283,0,0,0,0,0,0,0,-2.28154484748007,0,-1.53153702448355,3.1144090295824,3.03654064815012,-0.0913928752790323,0,0,2.59449238589102,2.4577190835172,0,0,-1.98355182621231,1.60651701735759,-0.543527089601104,-2.62151076237426,-2.52151232045426,-1.68789250790448,2.54203566280043,-2.70155520098784,1.54846179182991,2.9520964716424,-2.45153888614734,0.0284645446689691,0,1.97450174589045,0.258421396721904,1.80959709882764,-3.02147465874361,0,3.43635102937478,0,-2.24333444001007,2.82648704372189,-1.64353046255689,2.53647770028098,0,0,-1.23155704715703,0,-1.72358133552918,-1.43151040307851,1.13202311127015,0,0,0,1.67842016915503,1.46575477144925,0,2.0784626204099,3.13838826676365,0,-0.821537938559185,-0.843454706992507,-3.55166927264137,0,0.1273298,-0.412393167858077,1.89857059768996,-0.0425364564199917,-2.48323399512488,2.35845172587247,-2.4915479808238,-2.35154504545791,0,0,-0.953553860604536,0.458485685102314,0,2.2744916801646,2.48488873083077,0.0476618699813542,2.21845744361806,0,-0.181715988323706,0,2.07646816236355,2.16847124738504,0.73327557854441,-1.17161117311226,-0.791566916755146,-0.351539912699105,0.336555390572814,0,0,0,0,0,0,-3.6635394,1.7770331,0.3442095,2.4815937,3.1708261,2.2261518,0.2788603,1.6814367,-1.5600377081792,0,0,-3.60150636645405,1.8672965,-2.9918914,2.30994295535771,0,0,2.2588109,0,0,3.021905,0,2.5492753,-2.04351296915765,2.6766558418037,0,0.3402552,2.9430112,0,0.4507128,0,3.0595357,2.2115026,0.9414508,1.7664975,0,0,0,0,1.47847784456956,3.05845150589467,0,-2.83150900075819,1.12093664863507
5,2,132,0.8608,0,-3.3813669,-2.3728407494646,0,-4.9935436080787,0,0,-3.65160100044472,-0.0475384725936365,0,-2.6154231,-3.34983353375608,-3.15097525402765,0,0,6.00676061619503,-0.700074614668571,-1.91238742200899,-4.31861425463126,-3.26334191036318,-3.34151523523973,-3.33153004874672,-3.27149980385529,-3.18178799126542,0,-3.40997722219941,-1.35160938395951,-2.40159580844251,-3.15777550560257,0,-2.90154186880034,-2.62791762858069,0,0,0,-2.29161248312153,-0.551514940158707,-1.6515919588734,-1.60152221759458,-0.479161692901176,-2.58154154280695,-3.02229159269941,0,6.608460732562,-1.05422961926576,5.8176364610918,-0.911491024971697,-3.35149059594918,0,-2.71354582417075,-1.21153963970834,-1.9514895099588,-3.23159670153045,-3.03353850632319,-3.09181433435305,4.98154923818861,0.338418435899204,2.48432385480399,0,0,-1.21153488259548,0,6.08014951341268,0,-2.64643010781072,6.208494535445,0.258459275075818,0,-3.13156393401032,0,-2.00354881986011,0,-1.48454455091625,-5.33357362749526,0,0,-3.19151778403402,-3.44987026977879,4.86837794531938,-3.43161071544059,0,0,-2.18237178164497,0,-2.72152399206913,-0.371528740099166,0,-0.911508989693383,0,4.38204337621142,3.17810524579129,0,0,0,3.91853324520978,-3.03134154083731,-3.26799339633917,5.72850459565226,-6.49153990932549,0,0,-3.24982576126425,0,-5.70348570610662,0,-1.3296801,-4.99151587672287,-2.72158485214668,-3.12241741953792,-2.53333244696548,4.33843933378991,5.86848536781021,-3.52149008827612,0,0,0,0,-1.69232060766444,-1.6856448805497,0,-2.20992649596089,1.16849775073527,0,-4.83451908323062,-2.04350729740218,-3.35155608496685,0,-3.32090295725345,7.12909489695507,6.92044570401178,-3.11158650348404,-4.16350875471759,0,-2.324875,0,-2.0957545,-1.937111,-3.0127291,-3.2737122,0,-3.2454263,-0.220020999999999,-0.699588200000001,0,-2.2283848,-3.0696456,0,-2.25353514803243,-1.87152957385637,-1.12155872059388,-3.2656895,1.5678784,-3.20355772730673,0,-2.2729667,0.201087399999999,0,0,-1.9935407,-2.2516478,0,0,1.66007180368595,0,-2.8656918,0,-2.4313504,0,-2.4576168,5.3276554,-1.653417,-2.8038398,-1.9295993,-2.68156691357952,-2.0917889,-0.9723579,-3.1156875,-3.01159190305725,-2.49150059760635,0,-2.37156430317633,0.760331785022772
37,2,160,0.64816,1,-1.3873005,-4.87729514937427,-3.09553119434165,0,0,-2.70558792879172,0,0,2.91424697507357,0.194834199999999,-5.06371665307703,-5.11080755258402,0,0,-5.09569617587472,-5.44421968428505,1.19447754218242,-5.28214266720689,0,0.794486414587698,0,-2.44554758250727,-2.5775516852499,-4.34070584586303,-4.23554225009239,-0.127546405782777,0,0.984488547569701,0,-3.87553362702598,0.44243806378476,0,-5.06542430208511,-0.445448863009407,0,0,0,0,-2.15548108395067,0,-3.01629744408735,0,0,0,0,0,-2.08535503096554,-3.8275135611154,-3.36559313207542,0,1.37445521041125,0,0,-3.9353939673192,0,-1.69549791387723,0,-4.49555508040526,-0.3114131358045,-2.54557185312391,-4.03535918356273,1.41607010201029,0,0,0,1.72446278002968,-2.76202653225534,-2.89560253968906,0,-2.78631333375862,0,1.0224517729407,0,-3.31550460120225,-4.20553521648302,-4.79548913966814,-2.59753249194887,-2.90553711392064,0,-2.33555738283109,-0.397398810503091,0,0,-3.08949712857755,0,0,1.54450026397142,-2.52552693628123,0,0,-3.72687684609144,1.76044428443214,-2.90737301497464,0,-3.44530972055462,-3.51554081459815,0,-4.51546739757688,0,-2.88714974265774,-2.68553359769582,0,0,-3.38743986037853,1.5234139,0,-1.78431206994656,1.52350519255686,1.33250401502966,-4.5755674855218,-1.3995456519922,2.06447412906249,-2.97558466150065,1.77257376721622,0,0,1.03444391503315,-4.52553172961507,-3.7220081714419,0,-1.99553418259117,0,1.04246229292068,-5.3553968146163,-3.31750680425494,0,-4.25358417567027,2.67448347600115,-2.61549684700803,-4.79554600601706,0,1.75446172978371,-2.899218,0,-2.3928375,0,1.7072611,-4.098531,0,-2.4187859,1.961948,0,-2.0865999,0,-1.0428273,-3.76197263066354,0,-2.83551516546915,-3.34553394403387,-3.1345444,1.4152302,1.09446141956072,-1.89752258951997,0,-3.6172236,-0.826259200000003,0,2.4708592,-2.4118354,-2.2920024,0,1.9625033385297,-3.2726211,-0.104163600000003,-1.1663048,-5.3304715,0,-3.2574263,0,-1.1532082,0,1.2937559,-2.76953327457482,-2.2608264,0,2.1256947,-3.75633167372307,-4.28590292233171,0,0,0.387029758181473
38,2,82,0.86057,0,2.9177383,0,0,0,1.67848591111363,0,0.327073340648713,-2.82977841586932,0,0,-3.95288312225397,0,-4.13249843469704,0,0,-2.42984293736552,-3.85152311041598,0,0,-4.43212891238243,-2.53155210502543,0,1.78008202532091,0,1.44842566271491,-3.81356618911931,1.03439815396663,-2.56351603376904,-0.861513365435309,-4.1414984015064,-0.58152370994021,0,-4.06342564959995,0,0,1.52846042232804,0,0,1.12860297597355,0,-4.28672632149344,0,0,0,0.828489060843889,-3.23353313721235,2.47845506953498,0,2.71003089480851,-2.7234853583852,-1.44157931827656,0,0,-4.28138631733547,0,-3.85152005830878,0,-4.4835881297483,0,-3.62249378459571,-1.73351278762908,0,0,0,0,-0.381627703507302,0,-3.54150874952064,1.69671491055369,-4.49151940013741,-1.24195068005388,0,0,1.67847208115127,0,-3.5335382548751,1.29440237163656,0,-2.60162912004716,-0.741565045362922,0,-1.69151551387725,1.42851667230048,0.868449288157066,1.52853924770526,1.96848569523172,-3.88155951089029,-0.441515541431352,-4.0615844357155,0,-4.09159671460525,0,0.42872634528371,0,0,-0.922322057151071,2.45839519456455,1.578569668546,0,-3.71344331327838,0.698454626245798,0,-3.35345241456354,-3.42337748578138,1.3768082,1.40849927958064,-0.333533943791686,-4.56260459795906,-2.81350070954098,-4.24161291826945,-2.02156252868877,1.75838808202735,-4.56551166167076,-3.00128502152269,-0.921525013033541,-3.29153239687371,1.42647244458229,0,1.37833804134702,-4.14246901536821,1.1264593926142,0,-4.47153604846498,-4.04342745894383,0.9184634489899,0,-2.87758523748385,0,0,1.00846452347101,0,1.44839438065566,-2.6936995,0,-3.3652247,1.5816636,0.955836899999998,-3.1261767,1.3871183,-4.0167648,0,2.4059863,-3.0042544,0.834713399999998,-3.9836816,0,1.09849677919385,0,-1.56151917635353,0.633624699999999,2.1831569,0.882102594711441,-0.61156974396051,0,0,-4.0387797,0,1.7047063,2.4708383,-0.280337200000002,-1.39150798886033,0.946436567935741,0,-0.3647144,0,-3.8517417,0,0,-2.4150998,2.1888611,0,2.1033621,0,-3.714761,1.577318,-2.6101915,0.91766713839683,1.11844160689381,0,1.79846080362289,0.62178488881597
39,2,138,0.93121,1,1.3607272,0,0,2.1314714236272,0.493258410348776,1.32507989886887,1.05732986958803,-0.878980964797341,0,0,-1.75108329178228,0.247756945788902,-0.486563689077563,0,0,0,2.40324078828021,-1.36219025706284,-0.758458559071533,1.07267989828264,1.59347163773735,1.3814926128602,-1.28935511749014,0,-0.856523376135812,1.51344175354567,-1.4086017492442,0.703452981334783,-1.17171233828942,0,0,-1.07658264658243,0,0,0,-1.09656620965057,0.0214567128786047,-0.308494142767477,0,0.603480865597964,3.36154341649197,0,0,0,-1.38686494436291,-1.33053465651452,0,1.96345690499043,0,0,-1.44854510341925,1.0794081936729,-1.01648720659868,0.523587758828489,0,0,1.13944079414335,0,0,0.299500457182159,0,-1.75490757773958,-0.766548983017168,0.412693932814626,-1.53660982087405,0.933449596123726,1.84696622314254,-0.206527968036111,3.84146281692268,0,-0.956437961444182,-1.27653702448355,0,1.41347651003759,-1.50653858213098,-0.696614184258834,-1.03293950948244,0,0,-0.786552792644557,1.72162197247546,0,-0.54655234130793,0,0,0,-0.928575475295208,0.383473005058022,0,0,0.915144854041319,0,0,-0.81841527094144,1.45360993893414,-0.368524801857179,0,-0.366538992754691,0,-0.968396865930258,-1.04656996709156,-0.0584251705849432,3.3716288012906,0,1.72177,-1.67497323339608,0.00349367935098144,-1.67658702839683,0.221477270025037,0,0.0133519292786044,0,-1.4364924181542,0,1.69354675026709,-0.866541723829714,3.75349328520237,-0.400595745382901,2.47343292510343,0,1.10360206382412,0,-1.3365238838266,1.24123213343267,0,2.83347712072762,0.837209217191912,2.72273669537621,-1.2765656995536,0,-1.0072894369249,2.96348330203572,0,0,1.2911951,0,1.0503855,1.6109177,0,-0.662434500000002,1.4615661,0,1.0827297,0,3.3521938,0,3.36338387316513,3.6150665014896,1.5834971018244,1.8855622,1.3783369,0.991479903561734,3.79348998734394,3.8136254,0,0,0,4.0435442,0,0,-0.578519964451589,0,0,-0.577157300000001,0,0,3.3686119,3.6187479,-0.342743200000001,1.1917179,3.133088,0,0,1.7122886,2.9218262,1.4063673,0,0,2.77345404297193,-0.966626058276519,1.03180697661117
41,2,60,0.86138,0,1.3061147,0,0,0,0,0,0,0,0,0,1.54460420418483,1.32676464994695,0,0,0,0,1.31246741590829,0,0,1.72249609357528,0,1.49049119768527,0,0,1.53844670417016,0,0,1.23245124720128,1.16250213560995,0,0,0,1.72241992679624,2.59073271333204,2.34044046990985,1.79246598043371,1.22907392565859,0,2.88043751636067,0,1.71167322564726,0,0,-0.399334853445644,1.29049522526687,1.3104982167264,1.22052774139997,0,2.25748154589896,1.2540842244813,0,1.43396388284362,1.20236524858317,1.67055087011081,0,0,1.18251020689493,0,0,0,0,0,0,0,2.152468600348,3.18596639937116,0,1.33253751130124,1.4804898740925,0,0,-0.508252898990939,2.40404565532372,0,0,1.23258139887014,2.60048622069184,0,1.0424629469808,0,0,0,0,1.20845163163668,0,0,1.30244525526036,1.4524136697136,0,2.59243726439548,1.47158862393757,0,0,2.05257959561439,1.92261769156395,2.84048302193375,2.1024832287106,0,2.02045485208802,2.13057549946581,0.852421644483289,0,1.4521761965467,2.14043408454102,1.2300251,3.40256190657059,1.39848355751351,0,1.24053653102463,0,0,1.66244191733472,0,0,0,0,0,0,1.55242217552175,0,0,0,0,1.64050767462542,0,1.3404925542001,1.26459116898432,0,2.03400795140579,1.44246544003508,0,0,0,0,1.819067,2.7445976,1.2498468,0,1.1660095,2.1902938,1.4111995,1.5608558,1.8610055,1.6955756,1.5614818,0,1.83243888900702,1.94250503560302,1.5624583421629,1.5388101,0.454973200000001,2.02600687503941,2.30046767279623,0,2.3105437,0,2.7994197,2.1233814,2.1738527,3.1708223,0,3.43248734761038,1.7916162,0,0,1.7565117,0,1.6307183,2.3093535,1.44226,0,1.8108566,2.04247221313796,1.9272759,2.5409665,2.8661633,1.22046138143124,1.36251827648863,0,2.33258259799644,1.75905263274986
45,2,120,0.86113,0,3.6566715,-0.168493755269521,0,0,0,0,0,0,0,4.1628644,0,0,0,0,0,0,0,0,3.73164159498311,0,0,0,3.43142829677058,0,0,0,0,1.73149684941305,0,0,0,0,2.29156024226754,0,0,0,0,0,0,0,4.01145409116873,0,0,0,0,0,3.53352109220443,0,0,0,0,1.78270862834584,1.17349286363213,0,0,0,3.1534964510509,0,0,0,0,0,0,0,0,0,0,2.30501137566002,0,0,0,0,0,0,0,0,2.14703025112481,0,0,0,0,0,0,0,0,0,0,0,0,0,3.94261495490336,0,0,0,0,0,0,0,0,0,0,0,0,0,0,0,0.931462023311608,0,1.6616058941086,3.58343735398974,0,0,0,0,0,0,0,0,0,0,0,0.793516058261424,0,0,0,3.38943939201739,2.25213639143626,0,0,0,0,0,0,0,0,0,0,1.67074,0,1.6548105,0,0,0,3.3830322,0,0,0,2.14346439148578,0,3.8467223,0,0,0,0,2.1516339,0,0,0,0,0,3.98349410826134,0,0,0,0,1.5937494,0,0,0,0,0,0,1.49066318466256,2.1991716,0,2.5146046,3.35151072978367,0,0,3.4835040072622,2.56275560665015
48,2,78,0.86057,0,0,1.82859095340239,0,0,0,2.49046884014507,0,0,0,1.9313699,1.06739273374669,0.0084784818189565,1.62946697062275,0,-1.14770567734452,0,1.35047844408808,0,2.16854505349999,1.24048224969002,1.91846959049234,-3.72154297915587,-3.77392284058796,0,1.2004871240607,0,2.71043770113999,1.37406173515272,2.06850240544839,1.362072463088,0,0,1.65849728600931,0,0,-2.93954192410179,-2.11950153432826,0,0,-1.6195446224961,1.63846865364549,0,-0.269600266610157,0,0,-0.479349272318784,1.3405022767702,0,1.74203056484544,1.14848805382671,-0.771503557540052,1.90040991242015,2.15052007458632,1.80062645639809,0,-1.43953642465687,2.88646562212198,-2.240301660313,0,0,-0.129579908474907,0,-2.56795690389056,0,0,2.99041023505188,0,0.790741912421938,1.04050263422446,-4.85943203260939,2.16053225388971,0,0,1.08845978292591,0,1.21041855896806,1.15208466443366,2.0185112430652,1.50198756699167,-2.23592265169063,0,0,1.70044055348738,0.99053158858001,0,0,1.05646798319969,1.07049016332618,0,0,0,0,0,-2.06937457291393,1.47057998338845,1.57052126245336,1.4304391089824,0,0,1.71819196526457,-1.34956405706476,0,0,0,2.5992221,0,0,0,0,3.02823462831818,0,-3.12795848771328,1.47111612396098,0,0,1.97210501184568,0,0,0,-3.64794361737776,2.16484536130854,0,2.91072968179095,1.79043657417426,1.02846219365454,1.58058110308853,1.24040659305254,-2.12145256325462,-2.26153948719152,1.10042104900391,3.10046652866777,1.77047888053064,2.775526,2.5496528,0,2.0683393,0,1.6488998,1.2662294,1.6353792,1.8281128,2.4312393,1.2291715,0,1.148723,0,2.08067275949579,0,1.94648741264228,0,2.994261,1.41046548181737,2.38092283032232,-4.6556791,1.7742545,2.9667726,0,0,2.3852373,2.6259719,3.12049441623026,1.96646156327955,1.7395903,0,0,1.5874888,0,0,1.7030515,1.1830594,0,3.0095297,1.32041903717185,1.8250555,2.3090765,3.0785108,1.15045539216908,1.07046156621258,0,0,1.44022318700381
52,2,66,0.93117,1,0,3.54062865587533,0,-0.829579024244307,0,-0.073959175053929,-0.729531193688779,0,0,0,-0.596634877663909,-0.456976269083258,0,0,-0.783674820665071,0,0,-1.0806632190892,-0.469523611020422,3.42169691716913,-0.405916259466307,0,-1.04952624115139,0,3.43244010781766,0,0,-0.427503430688002,2.98246666065396,0,0,-0.5165521205993,0.180475804467214,0,0,-0.287531585145338,0,0.43966229256246,0,4.22047743981041,0,0,0,0,3.03609058116203,0,2.99249428424358,0,0,0,1.61169055285863,0,0,0,-0.573952862209621,-1.0859193678718,0,0,0,-0.647565055884742,3.37166681698428,3.17053316360949,-0.577548726379225,0,0.342461993754167,-0.819553609662526,0,3.43111207085554,0,-0.868317080700024,-0.803899356865321,0,0,3.30246353134757,0,0.926641460015759,0,0,0,-1.13748129279011,0.342056120600013,0.0124898535613198,0,0,-0.317525191124041,0,0,0,3.72106858172342,0,1.42167938181257,0,0,0,3.44265383438684,0,0,0,-0.901545699318952,0,2.46246319065189,-0.219394519326972,0,4.10011362350048,0,-1.15955444720554,3.63412857167997,3.58250706309454,2.2600655737331,0,0.59036387260646,2.01248902872805,-1.03596507951406,-0.314873476079772,0,-0.1275022015869,3.76602873339449,0,0,0.322546522959197,-1.10752372635156,0,3.02237875507135,0,3.65239925237154,0,0,3.77242189688321,-0.719537038123338,2.72242363004834,-0.32951497273385,0,0,0,0,0,3.2509079,0,3.6701604,3.9480574,0,0,4.3408966,3.795989,0,0,3.04243867636416,0,2.98247852123752,4.0059785,0,0,1.34606203080569,0,0,0,0,4.0155191,4.4246105,0,-0.877511303192463,1.11582996889514,3.4411741,3.6554744,0,0,0,0,0,0.386564100000001,0,4.27958,3.95252138550816,0,0,4.4735236,3.23848702204324,0,0,-1.01150747851183,1.72801782587032
53,2,123,0.93225,1,2.0659151,0,0,2.16099319833639,2.45973445717478,0,1.68939071017716,0,0,1.8588285,1.24160200442299,-0.910365083854714,4.26851760878755,0,0.275568238928454,6.24888413788451,0,0.415408746357844,1.92753310093502,4.11927186369639,1.51947262029764,1.69549573504406,1.48109252559442,0.243417401168138,1.24947531867216,6.11744979593393,0.0193640167210596,1.18949611469771,3.95748318679199,0,0,0,1.20758722963096,-1.24245620961697,2.14918795954079,-0.380080953295781,2.24945349537208,-1.67054500712723,3.55308074269553,-2.88064262993722,1.44951158728797,0,3.20944913985961,0,1.447487885446,2.31942297900547,1.77944144557676,0,1.09107892276591,5.20947851565937,1.87311317255875,0,1.63947093941951,1.73943673794201,-1.83453750323547,0.719476598028706,1.80544569227972,0,0,0,-1.23131353173791,1.39666431634335,-0.382569126895731,6.0184806064619,0,-1.81694282379028,-1.39046830486576,1.32566433150583,0,0.947421072622468,0,-0.400491299085971,-1.66446339889601,1.24948963537947,0,1.42935244192028,-2.27252266634599,5.42950443255261,1.30944811330785,0.31948135511692,1.79950493485253,4.1493449180549,0.0894947334228391,1.63105553958691,3.0794383658876,0,-0.850444463346104,1.31105225499239,0.19971632928554,2.45964556060769,0,-2.32051780340582,0,0,1.88758210873241,0.979506311460202,3.54948487852593,1.85854926861317,1.7142882949206,5.51946192614786,0.349472092354802,0,1.52754986646031,1.99753601209171,1.6810042,2.36547474206054,1.65548866096097,5.58844758791563,1.55760577720613,1.2194652325092,0,1.87841772664246,1.80557107870455,2.06749817292721,0,3.21959733727138,1.96867268303735,-1.35051504814895,0.259421999539512,0.659485032508695,1.76820178562656,-1.57348931502349,0.399479269153804,3.37749419381291,3.09751723923011,3.22941557161701,3.03674071105583,-0.253475298693186,1.51744847277868,2.37305949307407,1.56748781364136,3.5094456935787,0.743461499999999,3.9273501,1.6826204,2.1980998,0.643123899999999,1.7076028,-0.653950699999999,1.7279997,3.6616918,5.0552926,0,0,1.7760229,1.32741423563322,1.53942467126513,0,2.17949839234662,-2.0716276,0,5.58945065531386,4.55947684733687,-2.9194275,5.5536328,1.8978821,3.5590685,3.9924131,1.8032407,3.126643,4.40935336646688,1.80947318104026,2.3571804,1.5579366,1.9658872,2.1377767,0,1.6210708,2.1432882,1.5394261,0,3.5018726,1.76947168519124,2.3262839,0,6.5024019,1.51940752500047,2.04952431854545,6.38549640776258,-1.17050333999622,1.96430626887348
54,2,108,1.4713,0,2.0778785,0,0,0,0,2.24046884601114,0,0,0,1.9686779,1.7174666662756,0,0,0,1.62150487355449,1.84252155109993,0,1.90360528079831,0,0,1.94950707736709,1.49061439122914,-1.5359273897288,0,2.01405835528207,2.20248198015214,0,2.56044108950512,0,-1.21745924574566,0,2.01247481098616,0,1.94051110616256,0,2.39252409856765,1.86048942321723,1.81248317915447,0,0,0,0,0,0,0,0,-1.43748659235328,0,-0.835945655816261,0,1.35228310957634,1.68154308893491,0,0,0,1.97250179281905,-0.757531207287958,0,0,2.89248007573019,-0.20833499415961,1.65288495832185,-1.64957225054609,0,0,0,1.54249396160947,1.48286172567751,0,0,0,-1.61952823869596,0,1.05846838259125,0,1.51248551558576,0,2.6130797038219,0,1.46249070413901,2.52052870996411,0,0,1.5325440538971,0,0,0,1.81042618498373,0,2.29045329925156,1.53614048974423,0,0,1.11050925568196,2.23273335658077,0,0,0,0,0,1.64242875704657,0,0,0,0,1.70247084409685,1.65246260404874,0,1.3905739341132,0,0,-1.20953900493405,0,0,2.49369148013366,1.76244493099739,0,0,-1.08596317278376,0.97246825571991,0,0,2.40252855097086,0,0,1.26246252902758,1.26482030573046,2.1540168385671,2.09251102813935,0.500411361288293,0,2.80245551914556,2.2817848,2.8938986,0,2.9454764,1.4923244,-1.6239006,0,2.0579953,0,2.2833541,0,2.7467819,1.5611951,1.80038408434149,0,2.8505109734717,1.87247294852796,1.798954,-0.225700199999999,2.14600744698168,0,0,2.1207875,2.1272521,0,0.3917924,0,0,0,0,2.1124429,2.9634579,2.1523682,2.111552,0,1.2945529,1.1921191,-0.942710399999999,0,2.6990061,1.31848873787006,0,2.6715305,1.7411811,0,1.95248491318943,0,0,1.63528675103013
55,2,103,1.4713,0,4.2587278,0,0,0,0,0,0,-0.90803394366724,0,0,0,-1.5147030497574,0,0,-2.26505544772689,0,0,-1.6248970308768,-0.845208008560682,0,0,0,-1.40432041085986,0,3.29961377754835,0,-2.34349646756207,3.4765226436407,0,0,0,-0.834526604922024,0,0,0,-1.52352234607787,-1.43354998757139,0,0,0,-0.358751926815122,-2.77354590169704,0,2.02447310715651,-1.4999224706673,0.49641290409625,0,1.55646679654991,0,0,0,0,3.57642992867665,0,0,-0.127451589486235,0,-1.36355475777234,-1.57194432842738,-0.853557774699752,-0.993539528032036,0,3.82636521925313,-1.09995633016787,-0.80429685530533,1.43877071149097,-0.939935182808883,2.08639334677138,1.36358981623855,0,1.75053567377358,0,-3.04352047245018,0,-1.40350771202666,-0.983558739647902,0,2.4464833146841,0,0,0,1.91446646120816,0,0,3.27654716690595,0,-0.823626046353382,0,0,0,-0.914296787600176,0,0,-1.99684876327164,0,3.9136719800497,0,0,0,0,0,0,0.0646847063338605,-1.02541431006014,-0.3642027,-0.0935670429956552,0,0,0,0,1.46639790463816,0,0,0,1.7164438897806,0,-0.555455718265204,-3.2755237093128,0,0,0,0,-1.52353861484438,-0.0553948917186808,0,0,3.31928074048666,0,0,0,0,0,0,0,0,0,0,3.8885745,0,-1.2243894,3.6426382,0,2.2159967,0,0,0,-1.18356263615559,0,-1.18552774952724,0,0,0,0,0,3.5403665,0,0,0,0,0,-0.855048317389832,0,0,0,0,3.3322264,0,0,-0.5348378,3.2137273,0,0,3.10646473389286,2.0349807,0,0,0,0,0,-1.16355324562574,1.06245960181141
56,2,124,0.64816,1,0,0,0,0,0,0,0,0,0,0,2.56530077196975,1.83256526764821,0,0,0,0,0,-0.507230586419867,-1.21234980270569,2.16747960116705,3.28943267262265,2.74946427416558,1.70945198984582,0,1.36946587436134,0,0,1.25944002482781,0,3.91947635989277,0,0,0,0,-0.0225216504551469,1.70740876274221,2.41743930549374,0.557535246050694,2.52541018661978,1.29944600644975,1.88746759042338,0,0,0,0,1.23950394490623,1.76948319736261,0,0,3.18945899643932,0,2.29540502601585,1.5194510536454,1.41751387475525,0,0,2.54067700456964,0,0.85853085825908,0,2.62875045223603,4.07114260616051,0,0,0.639413159220378,0,0,1.5910897015594,2.65942257726508,0,0,3.19945550371079,0,1.45745972426516,0,1.29945011433182,1.33945305708235,3.44750829536272,0,0,0,0,0,0,0,0,0,2.88540086407279,0,0,3.96939354785017,0,0,0,1.42755665250626,0,3.34949881029983,2.17751018530128,0,0,3.13953026872291,0,0,0,0,0,3.98099709924739,0,1.34763984144603,3.13946348735201,0,0,0,0,0,0,0,0,2.17565460112893,0,0,0,0,0,2.45945102762251,3.72746600317204,3.01750549055131,0,0,2.48303779616935,2.80750228812733,0,2.1367783,2.9188316,0,1.8331073,0,1.5577431,1.0831454,1.2079379,0,3.1229037,0,3.5687934,2.0085298,0,2.53944938183253,1.56942835951896,0,0,1.9130278,2.31946838552429,3.67950934539007,0,0,0,0,3.353217,3.2986659,0,3.04754246524718,3.24949124854998,3.1639001,2.1150838,0,3.3655082,0,3.365107,2.8319288,1.5970807,0,3.15576,2.3598995713366,2.3331933,3.3525204,3.8987805,2.33102418582551,3.14941344973581,0,0,2.3406625785117
57,2,156,0.93121,1,2.4132287,1.43756751759311,0,1.23786862142392,0,0,1.64541678597236,1.26810668292529,0,3.6585379,2.10914149161451,3.01531977958467,4.27646393497256,2.26619165498349,0,0,0,-0.0278793905788568,1.31582129119066,0,0,0,1.88105351033236,0,3.03546340182903,1.21344106134888,0,0,0,1.67746206144082,3.38949992447429,0,4.0756052440168,0,0,1.4854898025626,0.897462103741855,1.12746477448042,3.493502986899,1.295500845448,0,3.35548255442211,0.475426510259286,0,0.965468172050974,3.76751004557907,1.12902604830419,1.61753097070001,1.94748670432156,0,0.741055898491965,1.79738464448916,2.10559364021854,0,0,2.47740561852624,1.53346235180938,3.28744019008945,0,1.62745186022178,0,0.903434796126074,0,0,1.50741826264914,1.86741626239933,1.08745574413356,0,0,2.17669094112756,1.20343502183989,0,0,2.15550697549594,3.88748792509637,1.08744045011213,1.0179470649311,0,0,1.87746357364353,1.0576142386641,0,0,2.53738086089879,0,0,1.0175041795475,0,0,0,2.21666199281636,0,3.76560611935971,0.974904028772835,1.55758957509373,0,2.30895794364084,0,0,0,0,1.84555144321805,0,0,0,1.32746117251276,0,0,3.01580164587276,3.27747879780668,0,1.03744343516482,0,0,0,1.71750831323614,0,0,0,0,0,0,1.59545387519624,0,0,0,0,0,1.59747138843101,1.17751312336439,0,1.31742479591784,3.2559292,4.1140447,3.0672375,0,1.2057193,1.8362221,0,0,0,3.8349778,2.325526,0,4.7340946,0,2.86746039526642,1.28345143200305,1.23553272903653,0,0,2.68548774943649,0,0,2.7063093,0,0,3.8619192,2.1422545,0,1.27751912706944,4.12545140910444,3.5791463,0,0,3.5722538,2.8043005,0,1.2770562,0,4.5048172,0,0,0,0,1.5794843,2.15539625333816,-0.15249420358505,0,0.837483607987835,2.1090155917025
58,2,160,1.6722,1,2.223161,0,0,0.881456743883195,0,0,0,1.67629065713244,0,0,0,0,0.511489128302781,0,1.24031522398259,1.67528921973891,0,0,0,0,0.941479445425376,0,0,0,0,0,0,0.971482521730746,0.851492029867009,0.221484196910948,0,0,0,0,0,0.73344541984229,0,0,0,0.293429698762404,0,0,0,0,0,1.51067442058273,0.19704496052865,0,0,0,0,0,0,1.83357963838359,3.14940929938575,0.811427182216407,0,0,-0.53387845582585,0,2.83827067948693,1.93514596446358,0,0,0,0,0.303497715897208,0.273741949084499,0.722558382993139,0,2.03582757963292,1.13143159026641,0,0.483443586693983,0,0.472908507409663,1.03344048910971,0.343476480707213,2.14180181758322,0,3.56147573318522,2.44344901116676,0,0,0,0,2.18146392977187,0,0,0,0,0,0,0,0,0,0,0,0,0,0,0,2.40352367061217,0,0,0,0,0,0.661567059677571,0,0,0,0,0.694266066306959,3.53145153612472,4.05143703241484,0.363458411516822,0,0,3.51360420050316,0,0,0,0,0,0,0.366421291072925,0.713456037437288,0.613410631009016,0,0,0,0,0,0,0,0,0,0,0,0,4.3093677,1.5820975,0,0,0,1.26349549600415,0,0,3.9984219,0,0,0,0,0,0,0,0,1.1011187,0,0.683469764051814,0,0,0,0,0,0,0,0,0.472294999999999,0,0,0,0,0,0,0.741460677502284,0,1.147081403517,0,1.41992862080536
20,3,108,1.4721,0,2.5732899,0,0,2.92045589330862,3.73943170571827,0,0,0,0,2.2979943,1.66622171839529,0,1.37169698345094,0,1.32120175481691,0,1.77046546397913,0,2.28064196564949,1.29043864145144,1.48255187038417,2.17304430524077,1.40241581083083,0,1.26237624139893,0,0,1.16247432620848,1.89047207795398,1.40046812398444,2.87246510052252,0,1.94063625738731,1.68068878366399,1.38247757450083,0,1.90604809101701,0,0,1.54247677401094,1.71042384433255,0,0,0,1.21252772505515,0,1.13251515280391,0,1.48246130449798,1.21051685604172,0,1.31240909117573,1.41249006994484,1.27132113194668,0,2.53047258563369,1.20044341332645,1.3824718814412,1.51403412857168,0,0,0,0,1.88253017534366,1.7124774580232,2.1684885729705,0,1.14262757655326,2.07254666628537,1.66226318193783,0,0,0,1.07037729125207,0,1.21045849683255,1.28409302352865,1.72040728155838,1.50240097258447,0,1.82057114556154,2.19247152214545,0,1.56042307286198,0,0,1.31245345303948,2.70043916367375,0,0,1.09041026372394,0,2.16051441079586,0,1.89249154239126,1.43401246087188,1.32366401254153,0,0,1.51056517783289,1.54245065200941,1.7105499519987,1.34063061185328,3.32056644094985,1.5227928,0,1.47717015304476,0,1.12058109652808,0,0.632510753247972,0,0,1.68233712068579,0,0,2.1023366835829,0,3.15041731254592,0,1.7605214041278,0,2.65601417814633,1.56266295659195,3.33447473527602,1.27148988589877,2.05432227410586,0,1.69241281610578,1.28964665355124,0,0,1.5915876,3.2010195,1.8503373,0,1.5797484,1.5451906,1.3208313,1.249638,1.8918994,1.8699102,1.4797297,0.434185099999999,1.3614386,2.99045191008286,2.42251214814022,0,1.52617774450446,2.3583351,1.3901179,2.29952559588319,2.01233431638967,3.8495173,2.2651698,0,2.3214373,2.4833341,0,0,0,3.21238029174922,3.3653851,2.1626173,0,1.5641596,3.8001934,1.6161684,1.4603296,1.3143676,2.2473255,1.9325929,1.24403436346491,2.3022201,2.6524277,1.7033025,1.23043570268974,0,0,1.1513243543285,1.8313633876386
21,3,132,1.4721,0,0,1.48241239485549,0,0,1.06934235630334,0,0,0,0,0,0,-0.817660854522863,-1.43561954797409,6.28076263396549,3.89364648636995,0,0,0,0,0,-0.0219000310899702,0,2.3581024187292,0,-0.095671977380583,4.30467127837897,1.39444719674378,5.52250571072526,-2.37700835105982,0,0,0,0,0,0,0.974516502001059,6.2345335297469,6.9323896511471,7.00452507535989,0,0,0,0,0,0,1.37650030210062,0,0,4.65633338295,0,0,7.31616523437729,2.03447545624726,0,0,8.43438668577051,3.10453091398637,0,0,0.464484057284515,0,0.878097329195825,0,0,0,0,2.02046363107083,7.92453909512395,0,0,6.96050433608131,-2.51750291228108,0,-0.313526458196158,6.4845351981516,0,0,0,0,3.70929375507322,0.232501426067593,1.88445080031295,0,0,0,0,0,0,0,0,0,1.81442302300071,8.10442108156456,0,1.99427671271388,-0.977526033719293,0,2.82452503521465,0,0,-0.487566148305014,0,5.35241199852759,0,0,0,-0.955511585412353,0,6.18246118025306,0,0,0,0,0,0,0,0,7.78048821921866,0,0,5.93448896632079,0,6.78444044349969,-0.517601720115181,0,2.31453600813615,0,2.52443716334231,0,2.15763270417931,0,0,0,0,0,0,0,-0.00715460000000689,0,1.1496353,0,0,2.2379329,4.08232779999999,0,0,8.48250663995677,8.3781338227541,0,1.9373197,0,2.07504965485483,0,0,7.8626436,0,6.76455319999999,7.11125639999999,0,0,0,0,-0.612498700000003,0,0,-0.5295962,0,0,0,-0.597930500000004,0,0,0,7.1193574,0,0,0.71452877676213,0,0,0,3.28207431164272
23,3,110,1.4112,0,1.2709691,0,0,2.945614455075,0,0,0,1.94760120077226,0,0,1.55756253482956,0,1.66848239927819,4.60013599220991,1.27715144644809,1.91762239004658,1.46647083875026,1.48070666175866,0,0,1.95126161034299,2.17858121307621,1.8600540881407,0,2.22856102139341,1.86848107091058,0,1.32850094314132,3.30285965248035,0,4.22189593290384,0,0,1.32653596647123,0,0,0,1.42022113765816,0,0,2.16654541095001,0,1.32850323180492,0,0,0,1.63848328535373,0,0,1.64849555648108,1.14214281780929,1.95659786593771,1.59644937303351,0,2.97640807632266,2.07847994169122,1.63646249259413,1.57834050384996,1.55915809541687,1.96705325677213,4.06901861225316,0,2.99846867367313,0,1.21840922166112,2.20451469147607,1.61443824563307,2.57847371844178,0,0.0884865759041595,3.58848039836074,1.75651405509705,0,1.05752998957305,1.90842331052172,0,2.49259550192699,1.48849949038477,0,0,1.59653705280884,0,0,2.11845524217911,2.0584916591752,0.102097898985438,0,0,0,2.25860431492199,2.68772944804327,2.24848793064004,0,1.44872128996461,0,0,0,0,0,0,2.42009245159057,0,0,3.1165765601419,0,0,0,0,3.7965828443626,0,0,2.07841029220796,0,2.0521456884785,0,1.57845062102715,1.7985400376454,0,1.49651218163713,1.76946257375591,0,0,1.99007771290134,0,0,4.02845388399525,0,0,2.19845508086324,2.16860312995632,0,0,0,0,0,0,2.5554893,2.8377835,0,0,0,0,0,0,0,0,0,0,2.91009686542419,0,2.7590095,2.69848002968234,0,0,0.628549799999998,0,0,0,0,0,0,0,2.8519978,0,0,2.7808193,0,0,0,1.6191897,0,0,0,0,2.4078381,0,0,0,0,1.91847322503582,2.09148021876968
24,3,126,1.8003,0,2.6231275,0,1.99342920275791,0,0,0,0.0278730163327516,3.11641450326993,0,0,1.41636172883683,1.14863333511063,0,0.278304675813766,0,0,1.65327308090241,1.30827677686768,3.13186182213317,0,1.35778427082295,0,-0.849318689166973,0,0,2.49349470953398,0.963486887634378,1.35346519726044,2.51089004083506,0,0,0,1.85180455702945,0,0,-0.136538199144432,1.51498862287348,0,0,0,0,0,0,0,1.49341417047376,1.32950266611135,1.23481695207564,0,0,0,0.613554059687189,0,3.8234839252993,1.72153243373555,2.02143866756515,0,1.5050597924598,0,0,-0.147525886335789,0,0.0394838654801646,0,0,0,3.05340139200929,1.85496882474662,1.67358427073396,0,0,-0.714972536807378,1.84136640811091,1.14350033729682,1.49051254386724,0,1.77147826155499,1.66150538795,1.5871029613411,0,0,2.59175073056917,0,0,0,2.42144281530518,0,2.32343059018144,0,0,0,0,-0.6565992385891,0,0.993627214838517,1.57173160988676,0,0,0,0,0,0,0,0,2.63154490238216,1.5886241,0,0,0,1.48164485399594,2.5714794049454,1.96338708173055,0,0,3.39051039508547,0,-0.250622479723768,0.719733995757379,0,0,0,3.4735023849172,0,2.46349238701881,0,0,0,2.74344630841578,-0.946759687455545,0,0,0,0,0,3.132718,0,0,2.4667803,1.5716896,0,0,2.0542106,2.4719971,0.0920885000000009,2.4423397,0,3.90342554383413,1.43356180391542,0,1.73349383152379,0,0,2.5470717684895,0,0,0,0,0,0,0,0,0,3.52504722483344,2.2734679,2.2551703,0,0,0,0,1.7097384,2.7465636,0,0,1.45500739418701,3.1069569,3.0174618,1.8774474,3.48144102615243,0,0,1.09343428896577,1.7965017544993
25,3,129,1.348,0,1.7557531,3.77251575089737,0,0,0,0,2.64363475995449,0.947492748511685,0,1.9306358,2.77259868718214,0,0,0,2.88164091952641,0.973555308776586,0.134464064925478,0,0.662549016778929,2.38445764892992,2.02447068450723,0.834526959815634,0.334458501188614,0.00443058424900755,2.17046924439648,0,1.17447397507972,2.41448569889797,0,1.1544274811847,0,0.514480750321347,3.41252969935821,0,3.33475441993235,0.334588288088788,0.204480083062702,0,3.60050395479066,0,3.50176844488733,0,0,0,2.34441973949869,2.81451111612983,3.52447238912019,0,1.86048222122337,3.3695773876215,-0.917420487779125,0.762432121215678,0.744573895228662,1.27229520440397,0,1.10440645444186,0.734465815701022,1.59267906896939,0,0,0,0.90809851706722,0,0,1.09446819705981,2.71250449338018,0,0.904418269981647,1.56448168508241,0.978075456507248,0.894499580213655,2.38455814754947,0,0.826086146238307,0,3.56246594664075,2.54376442897116,0,0,0,0,1.10246437875931,0,0.963638103981278,3.04242111082921,-0.925525453816871,0.750457717644437,1.22435741405834,0,0,3.82446345579444,2.8124385738504,0,0.292662751479316,2.24481086291988,0.926127639979498,2.1324627108739,2.27373406395024,0,0.892515853543443,3.67806318889208,2.02260264364962,1.68458570305575,2.38252710754486,1.4530867,0,0,0,1.20464887601124,0,-0.125556501297133,3.4444072272177,0.224431235444911,0,0,2.93447240592203,0,0,0,0,3.53443026179462,0,-1.05551468152331,0.852710103509718,2.99361133145473,0,1.43060242637518,0,2.18443223267028,3.07246259355369,2.02771363102086,0,1.2403115,0,0.972725700000002,3.1832622,0.9286639,2.6327879,3.7626675,2.6268367,3.3727843,0,1.6146522,-0.286581299999998,0.701373200000003,1.3560420182301,3.66453768728154,1.02448633036342,3.5625867989843,1.6165934,-0.475415399999999,1.12246406516036,0,1.3177644,1.4030117,2.3535753,0,3.5181614,3.3984756,3.543533,3.80613379342912,0,3.065987,0.9624168,3.6483446,1.214659,0,0,1.5980233,1.2817363,1.3202887,1.4510661,1.25802611576405,0,2.258366,1.5402134,1.104491879153,0,-1.64557704722337,3.55807803052412,1.82470294151801
26,3,140,0.86412,1,4.2157886,0,1.76248011972527,1.22244614983018,1.40315400018875,0,2.97726470319737,1.60511413422457,0,3.9342912,1.62156983803887,1.23228849135078,0,2.27619733036903,1.1651234171855,0,1.29215767364067,0,3.76055137478733,3.0424870891838,1.31158929859861,1.50045974853881,1.2324340396576,0,1.42044487983434,0.912468634832457,2.29399049266419,1.57252014326216,2.71045088683724,1.98607770732022,4.44252273470531,1.67044352168847,0,0,0.370509354971995,0,1.3984839296988,0,0,2.49241333241432,1.12727098745471,1.59048683662516,1.44245920739938,1.33057894951438,1.07248843024989,1.2004730954462,1.3566610010163,0,4.40968397604028,1.72048982830126,3.79253145729174,0,1.31650790554844,1.43062636629764,1.87246414218035,1.14613271700443,1.35414369137635,1.6372667418988,0.863971860646554,3.62039105756096,0,2.21045781443396,1.90094142129024,0.702484786757973,0,1.51408324192101,3.25909791505044,0.422446214187092,2.32232458484842,1.7925008377457,1.65229995255864,1.71169553895073,0,1.19250110355528,0,1.23306259342048,1.1984863438785,1.31246416195059,1.22240867172268,0,0,1.95246077260319,0,1.45046686278766,2.81245242980142,0,1.71841508625999,1.37249170317076,0,0,0.851642679041952,3.85243044353065,3.82055427739018,0.950761961760346,1.80055340489856,1.72052091635876,1.20046649445039,1.64257515330563,0,2.37058668218523,1.91553794442522,0.610520167529797,1.57258503015371,0,1.5368942,3.48612578632032,1.61247858898477,3.08113814628323,1.15060046527184,1.40402882002443,0.382407568996037,1.12245369334993,4.38613556105659,0,0,0,1.04144659801918,0,4.22836884997074,1.08746660957084,1.42240238337737,0,0,3.00056440922934,2.51259441595742,1.71047720725127,2.07341012378226,0,1.06241897543893,0,0,1.81244166069678,2.3788016,4.0554392,1.6800691,0,1.7308318,1.6652641,0,1.8855266,2.0895374,0,1.3183216,2.0376056,1.1763374,1.28238605825388,2.10420966879774,2.29252362352241,1.84845346310903,1.7146229,2.706615,2.70442280025869,1.86045561801295,2.9979607,1.9305998,0,0,2.5647905,2.0473787,2.6637948,0,3.14252544776481,1.9017473,1.8537248,3.2786718,1.949336,0,2.3293277,0,1.7807928,1.664783,1.7810363,1.43245728397814,1.6330913,2.3815609,0,1.75248648236438,0,1.43610818214748,2.05409437340791,1.93773462248684
27,3,82,0.93121,1,1.0043329,0,0.175410277542934,0,0,2.179053246359,0,3.92669585031116,0,1.6639847,2.22550256638881,0,0,1.55550460483478,3.0995858648222,0,0,0,3.0035008330014,1.49549412111493,1.32710553284098,0,1.36349692984322,1.14346515106576,1.64546973127709,1.5054852651539,0,1.53542038475766,0,0,3.55907038996197,0,0,0,2.08538341068498,0,0,0,3.98224439924358,0.555481818835087,0,0,1.04543012665449,0,1.35541769373443,0,2.14549966636701,0,1.46913460000044,2.45550416488242,0,1.34149857455433,1.39548537713679,0,0,0,1.27128071014178,0,1.03451117772316,0,0,0,0,2.10546685130069,0,0,0,1.32546611462624,0,0,1.47547245724962,0,0,1.22548982602689,3.94469666786188,1.29352635901256,1.21549548315569,0,0,0.995550948504121,3.44350890782582,0,1.58546234571477,0,0,0,0,0,0,0,0,0.0293868325189344,0,0,1.94600677150443,1.93346595917697,1.41161910456823,0,0,0.294648436058768,0,2.57359512767603,1.56554225810526,4.53352723300117,1.3486,0,1.29548652279247,0,1.81353288994032,0,0,1.93546113585019,0,0.883736680443189,0,1.91547527293445,1.96548595996859,0,0.0353743816790768,0,1.81544478760855,0,1.07550919313765,1.33350462091345,2.30344687592344,0,0,0.235447487633582,0,1.2755005407728,0,0,1.9996138,0,0,1.9035404,2.8185296,0,2.3687205,2.171171,2.6830777,0,3.5740541,1.5306629,0.790502700000001,0,4.36545213885726,0,0,1.6024414,1.8658645,1.33347875967719,3.69533123670051,4.4816777,1.8934199,1.7355891,0,2.0680809,2.1513802,0,3.35346264263727,1.88346908065413,1.5348377,0,4.6874128,2.4052976,0,0,0,1.7212505,0,3.6528962,1.36545436560603,1.9342476,0,2.0130704,0,0,3.37538562987709,0,1.9520302984256
28,3,130,0.86373,1,1.5980129,1.70950910456413,1.18145806352742,0,3.93251767807739,3.15942672759563,1.19945974702182,0,0,2.381702,0.789836965384547,1.74944726600758,0,2.65064776826829,0,2.41654833118064,0,0,1.49947043265605,0,2.25148008482282,3.16939204745015,1.45943464679632,0,1.74948490083474,1.92139571952538,0.193043433405022,1.60922779475045,0.709556695769622,1.76145123861257,2.92308184933867,0,1.91953095392132,3.17932702468667,1.70948820807549,0,0,0,2.97746939665887,0,0,0,0,0,1.44946387154654,1.28952239944155,0,0,1.67952741296491,2.67149857748734,3.50945939139613,3.22062365887853,2.00151453853932,1.38964797329606,0,0,1.36745519525086,3.7863055678376,0.431448833539621,0,3.32629078538385,0,0,0,0,0,0,1.57965419210743,1.56052888407873,1.75152353937112,1.85744129847066,1.01947318747303,0,1.29149553078443,2.43945611495704,1.52949944878018,0,0,2.23140677260192,0.0114285533066578,0,2.51146154985522,1.6194741349285,1.62140780064878,1.55946845005111,0,0,1.59154964532246,0,0,0,3.62738492019264,0,2.26958400198221,1.45955080453137,2.15147835258973,1.67147411439746,2.84147982994312,2.7814313087703,2.58970887663282,1.5214458565286,2.14162483687115,1.94879221298376,2.80952202086167,1.6773232,0,1.56141259612959,0,1.46958959049064,0,4.04143540351994,1.52189232425251,0,3.32139426276779,0,5.09146467012126,0,3.8014692969367,0,0,1.6414734506104,0,0,0,2.73139711126216,1.74145634771948,1.31342238795714,0,0,1.43947964897796,2.47942593411396,0,4.0257639,3.8209061,0,2.8294492,2.6338445,1.5590025,1.33482,2.1679558,0,4.0299389,4.3608411,3.0765694,1.8846162,0,1.69149553999922,1.97152419545839,0,1.5875048,0,2.26949041850043,0,3.2477794,2.3047825,4.7027556,4.0134276,3.2880096,2.0022744,3.915074,0,0,3.2382303,1.9199105,2.7331767,2.3863955,0,1.7190207,1.664032,1.9521563,3.0176223,3.4208678,1.3550372173102,3.7899775,0,1.8561114,1.39145564147725,0,0,2.04145740129963,2.25172885706453
29,3,106,1.4709,0,0.606086899999999,0,0.237466745222317,0.26577922896881,0,0,0.186655056282348,0.0451650035306042,0,0.785898899999999,0,0.606423036687131,0.23745050295371,3.45036234477014,-0.298805728012178,1.73023551769384,2.41663230259448,-0.141788997025261,0.465634252937601,1.05752903146331,0.0774664169692549,0.247539417754506,0.706050130006878,0,-0.0025114240964843,0,0.70746357024437,1.47748317652196,1.87228164167361,0.297455066198166,0,0.172484918854749,0.155507961200925,0,1.32534760761068,-0.152554008215438,0.747515587088618,0.391186184909047,0,1.71753553741309,0,0,-0.142530820383506,0,-0.10247339314933,-0.0225475881811192,0.627481393544677,0,0.187460109298431,1.07553759246332,0,1.84748644946707,0,0,0,0.107482478768476,0.0314657306435624,0,0,0,2.70667746387061,0,2.66543214162895,1.70545292529068,1.75746030727627,2.26349514292586,0,0.237401852485977,4.15745394598392,1.52106894518833,-0.302591870883253,0,0,0.237450860626467,0.637462803724063,0,0.187375684125932,0.0175408902061474,1.35743251705359,0.49546655653152,0,4.43744982508163,1.80344249367021,1.46911641432954,1.0074875382578,3.22751754756127,0.0554907961964641,0.70746605375964,0,0.627447984607477,0.107430452264216,2.14746137218211,0,0.795647365973453,0.897569214104596,0.597486513676236,0.817485721764877,0.227973436311895,0,1.15559235908334,0.485461011421163,0.94552916616888,4.14753863412862,3.65554345963457,0.2264319,0,0,0.216569462500889,0.215530822762451,0,2.01102661438039,4.44904712899136,0.541663826529714,3.75772355015624,0.967462367712306,-0.00256305410881019,0,-0.138908559168611,3.66756428117855,0.552354532116038,4.13738617840574,0,2.82747517027927,0,2.32749066014362,0,0.248287085706661,0.375444765774974,0.235413716541622,0,0.0766681295136529,0,0.6880174,0,2.5665911,0,1.893949,0.445481299999999,0.2958611,1.9864074,0,1.4253713,4.2152634,0.603165499999999,0.4401785,0.0955122346638664,0,4.24747415839254,0,0.4813136,1.0645147,0.695549489871489,1.13548638557415,1.7902522,1.7359591,0,0,2.7112577,1.0477186,0,0,1.90549959890715,1.1419113,0.463873699999999,0,1.165404,0,0,1.7453193,0.5972835,0,1.3965654,0.0574518285287731,1.7038367,1.4563245,0.4584691,0.0774283788956236,0,0,0.327396482115072,1.14303561381329
30,3,116,0.86373,1,1.1394187,0,0.509445363615633,0,2.1998497543765,0,0,0.747295573582131,0,1.763581,1.51234634516903,1.5904306085458,0,0,2.73039266558097,0,2.18202033687276,0,2.64745877092162,1.48952213885094,-0.17054662028591,2.32223715178814,5.57995956661441,1.26649261380114,1.44946761950573,0,2.26746328280988,1.25744212338598,1.88744988227565,0,0,0,1.68754092199554,0,2.36937439172426,0,3.24745908861268,0,3.13521078627266,1.78948951805798,1.76742823653979,0,0.889446595477747,0,5.28958078660736,2.18112233902143,1.44945663870993,0,1.82544439279097,1.47950830043467,2.35756395268052,1.53934842174421,1.94957246538871,1.57933456803253,0,0,1.47547723686449,2.75865152125088,0,0,0,2.0353969162272,2.09231925393151,0,0,4.0194171129739,0.60934163431771,1.43945396465289,1.82645759540219,1.59953483152329,0,1.13944882014763,0,4.28348155779477,0,1.48945305465967,1.5953866213418,2.02957878504796,1.63985703286945,1.75946873577024,0,1.35744978695229,0,1.68943267262265,1.44853163207394,0,1.54540363283335,1.57953390957739,5.30212553628164,0,2.02304006764954,0.697470235755809,0,1.52968665832002,1.68858249451057,0.719486286368346,3.51946450880598,2.26867330630549,4.25306005056519,0,1.83949675901756,1.05761622714664,0,1.8376397045846,1.9599296,2.01307239096371,0,0,1.51964416569699,2.3793673130592,0.237454136829124,2.8285141491829,2.00940709672499,0,0,1.51001949935071,2.6194742791904,0,0,2.35944268724854,2.54948236701108,0,0,0,2.19945424661914,1.89947637281134,1.51341022329164,0,0,1.45908200095469,0,4.72741529884755,0.4138126,3.4444511,1.5126991,5.191507,1.9081085,1.3030249,1.7471991,1.8137359,1.7767302,2.2772924,3.7471728,2.1478819,2.0437666,0.375316477108996,1.5294352594133,2.91543705294587,0,1.8826574,5.3211327,1.33747144174915,2.72742461580878,2.0850439,1.8383339,0,3.0173966,2.4910224,1.7334794,3.2306392,0,3.65946284208381,2.1334566,2.3487064,2.3366987,1.7834442,5.1459079,2.8504366,1.8629715,1.4629865,2.2491773,5.5012131,1.32945618408915,3.590967,2.2278488,0.365491500000001,2.6493834594295,0,1.86941991708304,0.265548234531527,2.1285778754528
31,3,118,1.4722,0,0.7801914,0,0,0,0,0,0,0,0,0,1.44333421128272,3.26556916591797,0,0,0,0,0,0,1.66682692246828,0,2.48846672493591,0,1.86847457423297,0,1.60647661506514,0,0,0,1.17845565447188,3.5476238201944,0,3.87847250124469,0,0,2.26643429595463,0,3.2384618397714,1.62649701418993,1.83205916311101,1.79841531221449,0,0,0,0,0,3.57653089052225,1.40863445409577,0,3.05654806865285,0,0,0,1.06654264992605,0,0,1.71039889600476,0,0,0,0,0,1.79651110733078,0,0,0,2.09006235884861,3.20840699705376,0,0,2.24210306361954,0,0.987652720884796,0,1.57862083013755,0,0,2.11450904542068,0,1.75833991475221,1.67642196719556,0,0,0,2.23003247141776,0,0,2.53849040903838,0,0,0,0,0,0,0,1.43850527415483,0,1.32846623194644,1.87849136406999,0,0,0,2.88655737958261,0,0,4.1623789,4.1684836393313,0,0,1.98859071275437,3.42838186092417,0,0,0,0,0,0,3.86772898981433,0,0,0,2.87850199629119,0,0,0,2.31638856002329,0,0,0,0,0,3.39648474862862,3.20832777944389,0,3.6283556,1.8364179,1.7069137,0,1.1766842,1.3208887,1.9615621,0,2.3764105,1.5459808,1.4978907,2.0752006,2.92004674770071,3.12848295007512,0,0,1.8091956,2.5275265,0.978610124551428,4.13004357320201,2.0122666,1.6498034,2.2070567,0,2.8941416,3.2931307,2.2317382,0,1.37641833910897,2.3310155,2.1079923,1.1749128,0.0236891999999997,0,3.9603063,1.7167764,1.6573103,0,1.7596666,0,1.1135791,0,3.8507617,2.53647015121274,1.40646290661063,0,1.93005552532898,2.2290827139339
32,3,90,0.93165,1,-0.9825173,-1.51456346620963,0,0,0,0,0,0,0,0,0,0,0,0,0,0,0,0,0,0,0,0,0,0,0,0,0,0,0,0,0,0,0,0,0,0,0,0,0,0,0,0,0,0,2.43906662005648,0,-1.95252049826438,0,0,0,0,0,-1.49262126692619,0,0,2.93748033765125,0,0,0,0,0,0,0,0,0,0,0.0975134516422802,0,0,0,0,-0.654522695334742,0,0,0,0,-1.16253566547195,0,3.20727805767608,0,0,3.15745467924055,0,-0.34087659042781,0,0,0,2.28782760926664,-1.05256492389952,0,0,0,0,-1.16243326080628,2.32759709676987,0,0,0,0,0,0,0,0,0,0,0,0,0,0,0,0,0,0,0,0,0,0,0,0,0,0,0,0,0,1.48540994178676,0,0,0,0,0,0,0,0,0,0,0,0,-1.5730819,-1.6533833,1.5864478,0,0,2.6911576,0,-0.6545703,0,0,0,0,2.4797995,0,0,0,3.044783,-0.783333000000001,0,0,0,1.8935365,0,-1.49457035403227,0,0.1584997,0,0,0,0,0,0,0,0,0,1.15747133322677,0,0,1.6796325,0,0,-0.982504938501541,0,1.05261147507473
33,3,118,0.86393,1,-0.303942899999999,-1.61058105860606,0,-0.970239571662376,0,0,2.03948008001211,0,0,1.7667141,1.64050340523133,1.68266109460062,2.6877072493013,1.41752234664727,2.71059774715884,2.08040929693535,0,1.32370292943339,0,1.96150454069171,1.26058583763998,1.88143245839349,1.50953024914685,0,1.51143201269409,1.12142012239564,0,1.82149106627946,0,2.94505126618292,3.59148077760685,2.31045153685798,0,0,-0.508394653222794,2.50748775530256,2.09149831168898,0,3.0114551378549,0,1.09062333486584,0,0.671459728007779,0,1.81147085427522,2.81949142679486,1.85748892851748,-2.74859828683176,1.51150389906357,2.51144447801118,0,2.491402081268,0,1.28947702196369,0,-3.18851796118712,1.42859631437236,0,0,0,0,0,0,3.05153708995372,0,0,1.07147856316369,0,0,0,0,0,0,1.25749912082207,0,0.709418380788588,1.5874436831639,0,2.62742359045277,2.16948215290014,0,0,1.32140924365866,0,0,1.31142300978851,0,1.15142582715318,0,0,1.89152512935426,3.21143545898764,0,0,3.41162356805164,0,1.79144016486421,0,0,2.32954805304635,1.00951785326708,0,-2.68842784052336,0,0,0,1.64146616766292,0,1.20949349095588,3.18811519064009,0,0,0,3.36067680077666,0,0,1.26161144950905,-0.53013450687753,0,2.89051744148105,0,0,0.87114274348891,1.33949553961315,2.14140685624284,0,0,1.2814587358316,0,0,0,0,0,2.3914528,0,0,3.4548416,0.303968399999999,1.5980239,3.0862482,0,0,0,2.0708534,0.861664300000001,0,1.08147586686797,1.56147717205521,1.58148319938055,0,-0.931833399999999,0.26507258973994,0,0,0.00510570000000143,0,0,2.818938,3.336432,2.4957478,1.76149465087324,0,3.3916468,1.6045351,0,0.471875799999999,0,0,0,1.5240746,-2.0261099,0,1.4593771446002,3.3934004,3.1203688,2.269447,1.18992010846372,0,3.57983405314957,0.79749805026346,1.71497210663377
34,3,98,1.892,1,0,0,0,0,0,0,0,-1.47097017647158,0,-2.6679118,0,0,-4.09153545533103,0,0,0,0,0,0,0,0,0,0,0,0,-0.401663498497552,0,0,-3.21351685720341,0,0,0,0,0,0,0,-3.79147320149965,0,0,0,0,0.436515697500482,0,0,0,0,0,0,0,0,0,0,0,0,0,0,0,0,0,-3.24160661656605,0,0,0,0,3.5884690036362,0,0,0,0,0,0,0,3.93916274424689,-3.99154019360979,0,0,0,0,0,0,0,0,0,-4.0299566324286,0,0,0,0,-0.261504855956456,0,0,0,0,0,0,0,0,0,0,0,0,0,0,0,0,0,0,0.918410676509904,-1.56350055557187,0,0,0,0,0,0,0,0,0,-1.21987348050337,0,0,0,-0.629395710040189,0,0,0,0,0,-2.15996585676324,0.174455178916972,0,0,0,-3.4004879,0,0,0,0,0,0,0,0,0,0,0,0,0,-2.64148445690646,-3.8014974794488,0,0,0,-0.491523695275024,0,0,0,0,0,0,0,0,2.5384354475155,0,0,0,0,0,0,0,0,0,0,0,-1.9142737,0,0,0,0.416518619653989,-1.01332349494858,-3.91000652307494,0.428998834570712
70,4,0,0,0,0,3.30465546931068,0,3.27649558581124,0,0,0,3.22812669408538,0,0,3.899133408223,1.68423209417663,1.96022070350093,0,0,3.02609467928979,1.50687672709435,2.17897419164079,1.81462283071068,0,0,0,3.50428987207558,0,0,2.15651560742469,1.70638762741157,0,0,0,0,1.9570723007738,3.83465307138436,0,0,1.71645295774813,1.8264652200597,3.65443263449344,0,2.99647149454382,2.16368182528107,0,1.07646320361874,0,1.12646581318946,1.88648404439413,0,0,0,0,1.64636417023545,0,0,0,0,1.9624808919953,0,0,1.44646934998504,0,0,1.67448199714911,2.50441246849769,0,0,2.06248222299132,0,0,0,2.92645240614498,1.71652812568513,0,0,2.32649098457662,0,1.94646422203948,4.12642160048805,1.94649253908639,0,1.3944860831557,0,0,0,0,0,0,1.97513517976454,1.81802147276601,0,0,0,0,5.16488088578999,1.73450044237606,0,0,0,0,0,0,0,0,0,3.06453608052242,1.7061466,1.57444712928466,0,0,0,5.97240299052482,1.78068940748247,0,1.94647191637385,0,0,0.796419516508784,1.61566231478854,3.862470056585,0,0,0,0,1.16641113544691,0,0,0,0,0,0,0,1.79451534009543,0,0,0,0,0,0,0,0,0,0,0,0,0,0,0,0,4.64641354051103,1.59644466702694,0,0,0,0,0,0,0,0,0,0,0,0,0,0,0,0,0,0,0,0,0,0,0,3.15443241768797,4.2133889,0,0,0,0,0,0,2.41361245657832
71,4,0,0,0,0,0,0,0,0,0,2.26005826688571,1.885965905283,0,0,0,0,1.72538971185887,0,0,2.96304885893649,0,0,0,0,0,0,1.73245236820764,0,0,0,0,0,0.471247185944351,0,0,0,0,0,0,0,0,3.63633759891596,0,3.41650045828708,0,0,2.76512389819833,0,0,0,1.57245151762682,0,0,0,0,0,3.07439461382956,0,0,3.96642405266562,0,0,0,0,0,0,0,1.68648367220789,0,0,0,1.94653429232821,0,1.88652818088561,0,1.57124687425186,2.5457495732462,0,0,0,0,0,0,0,0,0,0,0,0,0,0,0,2.57641252129178,0,0,0,0,1.2445944690304,0,0,0,2.20647078155625,4.97645047602846,0,0,0,0,3.35456234366076,0,0,2.35564725499053,0,0,0,0,0,0,0,0,0,0,0,0,0,0,4.95646087356942,3.27652228900512,0,0,0,0,0,0,0,0,0,0,0,0,4.6345416,0,3.4782853,0,2.890086,0,0,0,0,0,0,0,0,0,0,0,0,0,0,2.7755823,0,0,0,0,0,0,0,0,0,0,0,0,0,0,0,0,0,0,0,0,0,0,0,0,0,2.68384666340317
72,4,0,0,0,0,0,0,0,0,0,0,0,0,0,5.59064703501434,0,5.80655327144469,0,0,0,0,5.6828805903974,5.96458646548797,0,0,0,5.99447990356173,0,0,0,5.68447761787197,0,0,0,0,0,2.65462982490006,5.9644997865817,0,0,0,4.59455747831035,0,5.93649192314856,0,0,4.88648907272313,0,5.73065945027601,0,0,0,5.69265226952263,0,5.89135203313405,1.14646342529316,0,0,0,0,0,4.68448546722013,0,0,0,0,0,0,0,0.826465537064522,0,3.71648586841513,3.7964244250718,2.97446060248765,0,0.431231054408162,0.306485466906782,0,0,5.71647511811722,0,2.45651943503836,0,0,0,0,0,0,0,0,0,0,0,0,0,4.13653443360532,0,0,0,0,0,0,5.70446747872097,0,0,0,0,0,0,0,0,0,0,0,0,0,0,0,0,0,0,3.56246350865126,0,0,0,0,2.68647132804268,0,0,0,0,4.59000746164687,0,0,3.185634846995,0,0,0,0,0,0,0,0,5.7651272,0,0,0,0,0,2.30563052349007,0,0,0,2.6456327,0,4.55804578764517,0,0,0,0,0,0,0,0,0,0,0,0,4.4221454,0,0,0,0,0,0,0,0,0,0,0,0,0,0,0,4.16264610831985
73,4,0,0,0,0,0.9441414129289,0,2.04348366896811,0,0,0,0,0,0,1.93136877394074,4.86475493991355,0,0,1.58233564503013,0,0,0,0,2.26547315730775,0,0,0.785849856354499,0,0,0,0,1.96556733149117,3.64027215333276,0,2.76267409556129,0,0,0.245585272512495,0,0,0,0,0,0,0,2.96908735694216,0,0,1.88541260132124,4.80552406539452,2.38547376764772,0,0,0,0,0,0,1.85368912296629,0,0,0,4.33348014377696,0,0,0,0,0,0,0,0,0,0,0,4.02348673575411,1.67545488854948,0.245443280452649,2.90531882761493,2.3454961027267,0,1.57543495441209,2.36551340388214,0,0,0,3.64571135610574,0,0,0,0,0,1.41547659453403,0,0,0,0,1.66549382600177,0,0,0,0,0,2.89534427278907,0,2.61556477466193,0,0,0,0,0,2.39595270749361,1.6754488482047,0,0,0,0.515499710362569,0,0,4.66557726701293,0,0,0.504685302384038,1.88545658235988,0,4.70539977005241,1.65541206969751,1.9514551659207,0.185428938787453,0,2.13351409355915,0,2.30564525019481,0,0,1.91544509231267,3.44552139092917,0,0,0,0,0,0,0,0,2.5542182,0,0,0,0,0,0,0,0,0,0,0,2.21540746633973,0,0,0,0,0,0,0,3.0045274,0,0,0,0,0,0,0,0,0,0,1.7898531,0,1.40540118963993,0,0,0,3.24351512933961,1.70541094198892,0,0,2.28993375998909
74,4,0,0,0,0,0.0825681802305382,3.0557123118019,0,0,2.77251744643907,0,0,0,0,0,0,0,0,0,0,0,0,0,0,0,0,0,0,0,3.09445568547281,0,1.4144088727509,0,0,0,3.04346224965886,0,0,4.57449945831242,1.94445832520638,2.97445084100253,0,0,0,2.07447388323181,0,1.78444307587171,0,0,3.96248608870613,0,0,0,0,2.39364436551428,0,0,0,0,1.9844502886842,2.38444807095552,0.704394860164294,0,2.99447959911687,4.32451879520069,0,0,0,0,0,0,0,3.9244459094912,0.167927074694655,0,3.12449254744212,0,1.8044607889577,0,0,0,0,0,0,0,0,0,0,0,0,0,0,2.04447780265129,0,2.39359267147116,0,0,3.95266387203228,0,0,0,0,0,0,0,0,0,1.39256017668811,0,0,0,2.26030751170094,0,0,0,0,0,0,1.93446188376648,0.484423424737992,1.23245182540573,0,0,0,0,0,1.60449405149917,0,0,0,0,1.04451449287052,0,0,0,0,0,0,0,0,0,0,0,0,0,0,1.1824469,0,0,4.53446232371723,0,0,0,0,0,2.0392276931515,0,0,0,0,0,0,0,0,0,0,2.7170048,0,0,0,0,0,4.1585061,0,0,0,0,0,0,0,0,0,0,1.73447778590881,2.34987557985547
75,4,0,0,0,0,1.90461234655481,0,0,0,0,0,0,0,0,0,0,0,0,0,0,0,0,0,0,0,1.62437568861459,0,0,0,0,0,1.33648667045267,0,0,0,0,0,0,0,0,0,0,0,0,0,0,0,0,0,0,0,0,0,0,0,0,1.26645118563062,0,0,0,2.23243591067207,0,0,0,0,0,0,0,0,0,0,2.13645197020947,0,1.25443936004294,0,0,0,0,0,0,0,0,0,0,0,0,0,1.76079853994474,0,0,0,0,0,0,0,0,0,0,3.4763187548347,1.6257344031958,0,0,0,0,0,0,1.35668361600446,0,0,0,2.0244572278308,0,1.22487094622857,0,0,0,0,0,0,0,0,0,0,0,4.85643462467159,0,0,0,0,0,0,0,0,0,0,0,0,0,0,4.9000436,0,0,0,2.5577757,0,0,4.438028,0,0,0,0,0,1.2744707546402,3.1260361,0,0,0,0,0,0,0,0,0,0,0,0,0,0,0,0,0,0,2.5615143,2.3510653,1.891059,0,3.45452342983515,2.3151276,0,0,0,0,0,0,2.37292479289013
76,4,0,0,0,0,0,0,1.26243594880128,0,0,0,0,0,0,0,0,0,0,3.41705942634821,0,0,0.0609758830199727,2.05262191830114,0,0,0,0,0,0,0,0,0,0,0,0,1.08347409899919,1.8225769564698,0,0,0,3.33444474035206,0,0,0,0,0,0,0,0,0,0,0,0,0,0.163574255926576,0,0,0,3.81799791463342,0,0,2.43445810354904,0,3.18446919428152,0,0,3.26165562121413,0,1.61244998896457,0,0,0,0,0.714511176664255,0,0,0,0,0,0,1.27443015022907,0,0,0,0,0,0,0,0,0,0,0,0,0,0,0,0,1.76265303431772,0,0,0,0,0,0.592699935019334,0,0.582637483437629,0,0,4.7185544,0,0,0,0,0,0.332433913536994,0,0,0,0,0,0,2.65805198458119,1.01237465151851,1.63351996386538,0,0,0,0,0,0,0,0,0,0,0,0,0,0,0,0,0,1.422877,0,0,0,0,2.362668,0,0,0,0,0,4.94448412327713,0,0,0,0,0,0,0,0,0,0,0,0,0,0,0,0,0,0,0,0,0,0,0,0,0,0,0,0,0,0,0,1.98154191797339
0,0,0,0,0,1.60233582727273,1.04565917223926,1.42381976176038,1.14942991507772,1.99161304630274,1.58644946010116,1.35811379671645,1.40284656949132,2.91424697507357,2.15036192631579,1.36379927730491,1.33633323357248,1.56117236577605,3.01103174243002,1.68371563513229,1.77496500954873,1.20079238435993,0.813967559303613,1.64753782393218,1.50937519058695,1.08853095000381,1.42979378354214,1.37438337326162,0.447027558571001,1.30023328932587,1.55292459491089,1.02174032529959,1.35459135255059,1.74918576047202,1.1822039821822,2.65066256974001,1.04017604308658,1.53166242594994,1.3495088753651,2.0386982324972,0.841157236902888,1.40905920625457,1.56301074639731,2.79295159717867,1.62769541985696,1.45058626754041,1.94787188000446,1.45977088842768,0.838763014167722,1.61159506709382,1.52902787509819,1.48196410658951,0.894807143798148,1.79658664187112,1.93391287659923,1.37613117230724,1.79118009520314,1.61051014280666,1.1887765420152,1.8233712019168,1.42149725013089,1.73858084690412,1.85756478212379,0.91377785383564,1.26825814792464,1.59262817598909,1.89478030189392,1.52795921053607,1.3698014845025,1.49856928364855,1.57386461932388,1.55126046698353,1.51812580264738,1.86640215680106,1.34206021228513,1.3313100486603,0.979663332176838,1.39107113208543,1.34489373620083,1.95604834170346,1.20733214063154,1.15201359912322,1.93581956741868,1.37475818897899,1.11993577481795,1.62222548857868,1.96417998609977,1.37354227780104,1.24158889310917,1.37965909527532,1.32190483031339,0.984749327211302,1.71972696467583,1.67418382304459,1.67583670869694,1.5376359195417,1.85919952564508,2.60496701335378,1.35889660935204,1.76473012129467,1.32246787389598,2.06751644071529,1.93316056540115,2.16569588055677,1.91002166507379,1.04878631647925,1.11734838075568,1.41349754722931,2.11133834117388,1.41440980384615,1.32469719990083,1.52634397590332,1.39900974780895,1.38397559960276,2.31358119373151,1.16396475571605,1.59928423207618,1.09240298834173,1.91530145929147,1.35733344434313,1.57622286231515,1.56593784788444,1.55992064758551,1.19573850660007,1.52192461726118,2.03995200844492,1.28357201629192,1.52060818068264,1.05186014558736,2.18019315832897,1.89255522573507,1.41343099635929,1.5246488887055,1.25717201231013,1.24607459036552,1.23813479991993,2.23420273538334,1.41472475789474,3.12610701428572,1.21859734666667,2.45431234736842,1.9554860625,1.41190336666667,1.79772375,1.76213555151515,2.07138191111111,2.59645742105263,1.87921151612903,1.98966560869565,1.66300365,1.39227165652199,2.34188502022392,2.45280520238101,1.27305911136442,2.01878294666667,1.61971496190476,1.95756479257456,2.28004471733097,2.57856141333333,2.16004743928571,1.82405998181818,4.0765462875,2.753843492,2.09909452727273,2.44360495714286,1.53785857179334,2.28032505877074,2.20445629230769,1.50600229565217,2.48469079230769,1.64121726666667,3.1139453,2.00045471666667,1.86086973461538,1.46593850322581,1.83519433571429,2.45057399473684,1.49278629864102,1.86098873666667,2.49691258888889,2.13864214230769,1.64370957724667,1.24228492998921,1.71389830304239,1.02264173643629,0
